Vassdrag;VdrNr;RegionNr;RegionNavn;Filnavn;GBM;GBM_lav;GBM_hoy;Andel15;GytingSim;Fjord;Ytre;Lnr;Normalbeskatningsregion;FemSeaAge;SmoltAge;Inkluder;Latitude;Longitude;Delbestand;Hovedbestand_nr;Andel
Enningdalselva;001.1Z;1;Østlandet;Enningdal;453;340;680;1;TRUE;;TRUE;3;Sør;3;2;1;58.9815531;11.4744159;0;;
Tista;001.Z;1;Østlandet;001.Z_Tista;;;;1;FALSE;;TRUE;12;Sør;;;;59.11859;11.36949;0;;
Glomma;002.Z;1;Østlandet;Glomma;960;480;1440;1;TRUE;;TRUE;5;Sør;2;2;0;59.193023;10.9476179;0;;
Aagaardselva;002.ZB;1;Østlandet;GlommaAagaard;480;240;720;1;TRUE;;TRUE;5;Sør;2;2;0;59.193023;10.9476179;1;002.Z;0.5
Gjersjøelva;005.4Z;1;Østlandet;005.4Z_Gjersjøe;20;15;30;0.62;FALSE;;TRUE;4;Sør;;;;59.82926;10.76452;0;;
Akerselva;006.Z;1;Østlandet;006.Z_Akerselv;37;28;55;0.55;FALSE;;TRUE;1;Sør;;;;59.90479;10.75364;0;;
Lysakerelva;007.Z;1;Østlandet;007.Z_Lysakere;53;40;80;0.91;FALSE;;TRUE;8;Sør;;;;59.91146;10.64199;0;;
Sandvikselva;008.Z;1;Østlandet;Sandvikselva;331;248;497;0.94;TRUE;;TRUE;10;Sør;1.5;2;0;59.8868633;10.5296268;0;;
Åroselva;009.Z;1;Østlandet;Aaros;247;185;370;0.97;TRUE;;TRUE;13;Sør;1.5;2;1;59.70432;10.51927;0;;
Lierelva;011.Z;1;Østlandet;011.Z_Lierelva;494;247;741;0.87;FALSE;;TRUE;7;Sør;;;;59.74829;10.2835;0;;
Drammenselva;012.Z;1;Østlandet;012.Z_Drammens;4355;2177;6532;0.98;FALSE;;TRUE;2;Sør;;;;59.73178;10.23828;0;;
Numedalslågen;015.Z;1;Østlandet;Numedal;12296;6148;18444;0.99;TRUE;;TRUE;9;Sør;2;2;1;59.0376472;10.0545663;0;;
Herrevassdraget;016.4Z;1;Østlandet;016.4Z_Herrevas;80;40;120;0.95;FALSE;;TRUE;6;Sør;;;;59.1058;9.56491;0;;
Skiensvassdraget;016.Z;1;Østlandet;Skien;1496;748;2244;0.99;TRUE;;TRUE;11;Sør;2;2;0;59.1350011;9.6302816;0;;
Vegårsvassdraget;018.Z;2;Agderkysten;018.Z_Vegårdsv;565;424;848;0.91;FALSE;;TRUE;23;Sør;;;;58.66981;8.98096;0;;
Nidelva;019.Z;2;Agderkysten;NidelvaAA;1574;852;2361;0.9;TRUE;;TRUE;19;Sør;1;2;1;58.4345959;8.7121709;0;;
Tovdalselva;020.Z;2;Agderkysten;Tovdal;3721;2791;5582;0.96;TRUE;;TRUE;22;Sør;2;2;1;58.1947071;8.0762012;0;;
Otra;021.Z;2;Agderkysten;Otra;2341;1756;3511;0.95;TRUE;;TRUE;20;Sør;1.5;2;1;58.1441397;8.0131473;0;;
Songdalselva (Søgne);022.1Z;2;Agderkysten;SogneSogndal;559;419;838;0.72;TRUE;;TRUE;21;Sør;1.5;2;1;58.0776571;7.8166908;0;;
Mandalselva;022.Z;2;Agderkysten;Mandal;5155;3866;7733;0.95;TRUE;;TRUE;18;Sør;1.5;2;1;58.0211101;7.4574749;0;;
Audna;023.Z;2;Agderkysten;Audna;1210;605;1815;0.93;TRUE;;TRUE;14;Sør;2;2;1;58.0581041;7.2790113;0;;
Lygna;024.Z;2;Agderkysten;Lygna;1889;1417;2834;0.97;TRUE;;TRUE;17;Sør;1.5;2;1;58.1422158;7.0491517;0;;
Feda;025.3Z;2;Agderkysten;025.3Z_Feda;73;36;109;0.97;FALSE;;TRUE;15;Sør;;;;58.26251;6.81782;0;;
Kvina;025.Z;2;Agderkysten;Kvina;1353;1015;2030;0.99;TRUE;;TRUE;16;Sør;2;2;1;58.2721432;6.8881914;0;;
Sokndalselva;026.4Z;3;Jæren;Sokndal;861;646;1076;0.91;TRUE;;TRUE;33;Sør;1.5;2;1;58.3226649;6.2845897;0;;
Sireåna;026.Z;2;Agderkysten;Sira;163;122;244;0.88;TRUE;;TRUE;24;Sør;1.5;2;1;58.29073;6.43846;0;;
Hellelandselva;027.3Z;3;Jæren;Helleland;123;92;185;0.91;TRUE;;TRUE;28;Sør;1;2;1;58.45817;6.00273;0;;
Ogna;027.6Z;3;Jæren;Ogna;1162;968;1356;0.89;TRUE;;TRUE;32;Sør;1;2;1;58.5167807;5.7927407;0;;
Fuglestadelva;027.7Z;3;Jæren;Fuglestad;387;290;483;0.92;TRUE;;TRUE;27;Sør;1;2;1;58.537356;5.7293124;0;;
Bjerkreimselva;027.Z;3;Jæren;Bjerkreim;4319;3239;5399;0.93;TRUE;;TRUE;25;Sør;1;2;1;58.4770835;5.9954466;0;;
Kvassheimelva;028.1Z;3;Jæren;Kvassheim;67;56;78;0.69;TRUE;;TRUE;30;Sør;1;2;1;58.547443;5.6807923;0;;
Søndre Varhaugselva;028.21Z;3;Jæren;Svarhaug;73;54;91;0.35;TRUE;;TRUE;34;Sør;1;2;1;58.60762;5.61483;0;;
Nordre Varhaugselva;028.22Z;3;Jæren;Nvarhaug;83;62;104;0.35;TRUE;;TRUE;31;Sør;1;2;1;58.61513;5.6078;0;;
Håelva;028.3Z;3;Jæren;Haaelv;1821;1366;2276;0.95;TRUE;;TRUE;29;Sør;1;2;1;58.6696092;5.5440178;0;;
Figgjo;028.Z;3;Jæren;Figgjo;2246;1871;2620;0.95;TRUE;;TRUE;26;Sør;1;2;1;58.8109072;5.5477289;0;;
Dirdalselva;030.2Z;11;Indre_Rogaland;Dirdal;310;233;466;0.99;TRUE;;FALSE;36;Sør;2;2;1;58.8391795;6.1843806;0;;
Espedalselva;030.4Z;11;Indre_Rogaland;Espedal;648;486;972;0.98;TRUE;;FALSE;35;Sør;2;2;1;58.8602693;6.1506015;0;;
Frafjordelva;030.Z;11;Indre_Rogaland;Frafjord;239;179;358;0.99;TRUE;;FALSE;37;Sør;2;2;1;58.8448289;6.2854862;0;;
Lyseelva;031.Z;11;Indre_Rogaland;Lyse;166;124;234;0.97;TRUE;;FALSE;41;Sør;2;2;1;59.0516239;6.6451511;0;;
Jørpelandsåna;032.Z;11;Indre_Rogaland;Jorpeland;111;83;166;0.94;TRUE;;FALSE;40;Sør;2;2;1;59.0166074;6.0438392;0;;
Årdalselva;033.Z;11;Indre_Rogaland;Aardal;892;669;1338;0.98;TRUE;;FALSE;51;Sør;2;2;0;59.1438894;6.1708072;0;;
Hjelmelandsåna;035.2Z;11;Indre_Rogaland;Hjelmeland;97;73;121;0.94;TRUE;;FALSE;38;Sør;1.5;2;1;59.2361529;6.1790421;0;;
Vormo;035.3Z;11;Indre_Rogaland;Vormo;300;225;375;0.95;TRUE;;FALSE;48;Sør;2;2;1;59.2716677;6.3326029;0;;
Hålandselva;035.7Z;11;Indre_Rogaland;Haaland;119;89;178;0.97;TRUE;;FALSE;39;Sør;2;2;1;59.348475;6.2380306;0;;
Ulla;035.Z;11;Indre_Rogaland;Ulla;178;133;266;0.99;TRUE;;FALSE;46;Sør;2;2;1;59.3244378;6.4334898;0;;
Suldalslågen;036.Z;11;Indre_Rogaland;Suldal;2318;1738;3477;0.99;TRUE;;FALSE;44;Sør;3;2;0;59.4811687;6.2501649;0;;
Nordelva (Åbøelva);037.2Z;11;Indre_Rogaland;NordelvaSauda;55;41;82;0.93;TRUE;;FALSE;49;Sør;1.5;2;1;59.64696;6.35309;0;;
Storelva (Sauda);037.Z;11;Indre_Rogaland;StorelvaSauda;174;87;260;0.96;TRUE;;FALSE;43;Sør;1.5;2;1;59.64679;6.3536;0;;
Rødneelva;038.3Z;11;Indre_Rogaland;Rodne;123;93;154;0.88;TRUE;;FALSE;42;Sør;1.5;2;1;59.5405289;5.8698606;0;;
Åmselva;038.5Z;11;Indre_Rogaland;Aamselva;168;126;210;0.61;TRUE;;FALSE;50;Sør;1;2;1;59.47577;5.73819;0;;
Vikedalselva;038.Z;11;Indre_Rogaland;Vikedal;736;552;920;0.93;TRUE;;FALSE;47;Sør;2;2;1;59.4969772;5.8973029;0;;
Svendsbøelva;041.21Z;11;Indre_Rogaland;041.21Z_Svendsbø;;;;0.7;FALSE;;FALSE;45;Sør;;;;59.54696;5.56287;0;;
Etneelva;041.Z;12;Hardangerfjord;Etne;1025;769;1281;0.94;TRUE;Hardanger;FALSE;65;Sør;2;3;1;59.6728414;5.9338736;0;;
Fjæraelva;042.3Z;12;Hardangerfjord;Fjaeraelva;38;28;57;0.99;TRUE;Hardanger;FALSE;66;Sør;2;3;1;59.87477;6.3802;0;;
Mosneselva;042.4Z;12;Hardangerfjord;042.4Z_Mosnesel;;;;0.92;FALSE;Hardanger;FALSE;74;Sør;;;;59.85391;6.33877;0;;
Ådlandselva (Frugardselva);044.3Z;4;Kysten_fra_Stadt_til_Stavanger;044.3Z_Ådland;85;43;128;0.95;FALSE;;TRUE;;Sør;;;;59.78731;5.50741;0;;
Kjærelva;044.5Z;4;Kysten_fra_Stadt_til_Stavanger;044.5Z_Kjærelva;;;;0.94;FALSE;;TRUE;120;Sør;;;;59.89843;5.29502;0;;
Uskedalselva;045.2Z;12;Hardangerfjord;Uskedal;386;290;483;0.92;TRUE;Hardanger;FALSE;81;Sør;2;3;1;59.92935;5.85456;0;;
Guddalselva;045.32Z;12;Hardangerfjord;045.32Z_Guddalse;;;;0.93;FALSE;Hardanger;FALSE;69;Sør;;;;59.96479;5.99575;0;;
Rosendalselva;045.4Z;12;Hardangerfjord;Rosendal;99;74;124;0.97;TRUE;Hardanger;FALSE;77;Sør;2;3;1;59.9846809;6.0066824;0;;
Æneselva;046.1Z;12;Hardangerfjord;Aeneselva;177;133;266;1;TRUE;Hardanger;FALSE;82;Sør;2;3;1;60.09196;6.1102;0;;
Bondhuselva;046.3Z;12;Hardangerfjord;046.3Z_Bondhuse;;;;0.98;FALSE;Hardanger;FALSE;63;Sør;;;;60.11863;6.26696;0;;
Jondalselva;047.2Z;12;Hardangerfjord;Jondal;54;40;67;1;TRUE;Hardanger;FALSE;71;Sør;1.5;3;1;60.27698;6.24974;0;;
Opo;048.Z;12;Hardangerfjord;Opo;149;111;222;1;TRUE;Hardanger;FALSE;75;Sør;2;3;1;60.07193;6.5503;0;;
Kinso;050.1Z;12;Hardangerfjord;Kinso;126;95;189;1;TRUE;Hardanger;FALSE;72;Sør;2;3;1;60.3779803;6.7242193;0;;
Simadalselva (Simo);050.4Z;12;Hardangerfjord;050.4Z_Simadals;;;;1;FALSE;Hardanger;FALSE;78;Sør;;;;60.49684;7.13821;0;;
Eio;050.Z;12;Hardangerfjord;Eio;427;320;641;1;TRUE;Hardanger;FALSE;64;Sør;2;3;1;60.46957;7.07033;0;;
Granvin;052.1Z;12;Hardangerfjord;Granvin;187;140;281;0.99;TRUE;Hardanger;FALSE;68;Sør;2;3;1;60.5222773;6.7147107;0;;
Øysteseelva;052.6Z;12;Hardangerfjord;052.6Z_Øystesee;;;;0.97;FALSE;Hardanger;FALSE;83;Sør;;;;60.38517;6.20156;0;;
Steinsdalselva;052.7Z;12;Hardangerfjord;SteinsdalKvam;233;175;291;0.99;TRUE;Hardanger;FALSE;79;Sør;2;3;1;60.3731186;6.144918;0;;
Tordalselva (Fosselva);053.1Z;12;Hardangerfjord;053.1Z_Tordalse;;;;0.99;FALSE;Hardanger;FALSE;67;Sør;;;;60.26881;6.03821;0;;
Hopselva (Fusa);055.3Z;12;Hardangerfjord;055.3Z_Hopselva;;;;0.91;FALSE;Hardanger;FALSE;70;Sør;;;;60.3068;5.66156;0;;
Lønningdalselva;055.6Z;12;Hardangerfjord;055.6Z_Lønningd;;;;0.5;FALSE;Hardanger;FALSE;73;Sør;;;;60.26179;5.563;0;;
Oselva;055.7Z;12;Hardangerfjord;OselvaiOs;425;319;637;0.97;TRUE;Hardanger;FALSE;76;Sør;1.5;3;1;60.1844179;5.4714502;0;;
Tysseelva;055.Z;12;Hardangerfjord;Tysse;247;185;371;0.86;TRUE;Hardanger;FALSE;80;Sør;1.5;3;1;60.3749;5.75859;0;;
Fjellvassdraget;057.2Z;4;Kysten_fra_Stadt_til_Stavanger;057.2Z_Fjellvas;;;;0.99;FALSE;;TRUE;119;Sør;;;;60.31536;5.06516;0;;
Loneelva;060.4Z;13;Osterøy;Lone;153;127;178;0.88;TRUE;Osterøy;FALSE;58;Sør;1.5;3;1;60.526203;5.4886451;0;;
Storelva (Arna);061.2Z;13;Osterøy;StorelvaiArna;167;125;209;0.96;TRUE;Osterøy;FALSE;61;Sør;2;3;0;60.419411;5.4650633;0;;
Daleelva;061.Z;13;Osterøy;DaleelvaiVaksdal;195;146;292;0.96;TRUE;Osterøy;FALSE;56;Sør;1.5;3;0;60.5769478;5.7711801;0;;
Vosso;062.Z;13;Osterøy;Vosso;2110;1583;3166;0.96;TRUE;Osterøy;FALSE;62;Sør;2;3;0;60.64012;5.95119;0;;
Ekso;063.Z;13;Osterøy;Ekso;219;164;328;0.98;TRUE;Osterøy;FALSE;57;Sør;2;3;1;60.728503;5.7930645;0;;
Romarheimselva;064.4Z;13;Osterøy;064.4Z_Romarhei;;;;0.26;FALSE;Osterøy;FALSE;60;Sør;;;;60.7226;5.63858;0;;
Modalselva;064.Z;13;Osterøy;Modalselva;598;448;896;0.94;TRUE;Osterøy;FALSE;59;Sør;2;3;1;60.81562;5.80051;0;;
Haugsdalselva;067.2Z;14;Austfjorden;Haugsdalselva;139;104;208;0.96;TRUE;Austfjorden;FALSE;53;Sør;2;3;1;60.85731;5.51222;0;;
Matreelva;067.3Z;14;Austfjorden;Matreelva;150;112;225;1;TRUE;Austfjorden;FALSE;55;Sør;2;3;1;60.87334;5.58191;0;;
Hopevassdraget;067.4Z;14;Austfjorden;067.4Z_Hopevass;;;;0.77;FALSE;Austfjorden;FALSE;54;Sør;;;;60.91619;5.52857;0;;
Frøysetelva (Yndesdal);067.6Z;14;Austfjorden;Froyset;169;126;211;0.95;TRUE;Austfjorden;FALSE;52;Sør;2;3;1;60.8624992;5.2089632;0;;
Ortnevikselva;070.2Z;15;Sognefjorden;070.2Z_Ortnevik;0;0;0;0.78;FALSE;;FALSE;91;Sør;;;;61.11087;6.13221;0;;
Vikja;070.Z;15;Sognefjorden;Vikja;43;32;64;0.98;TRUE;;FALSE;95;Sør;2;3;0;61.0897022;6.5857595;0;;
Nærøydalselvi;071.Z;15;Sognefjorden;Naeroydal;513;385;769;0.97;TRUE;;FALSE;90;Sør;2;3;1;60.8808601;6.8430768;0;;
Flåmselva;072.2Z;15;Sognefjorden;Flaam;196;147;294;0.98;TRUE;;FALSE;87;Sør;2;3;1;60.8651971;7.1199532;0;;
Aurlandselva;072.Z;15;Sognefjorden;Aurlandselva;596;447;894;0.95;TRUE;;FALSE;84;Sør;2;3;1;60.9050943;7.1832933;0;;
Lærdalselva;073.Z;15;Sognefjorden;Laerdal;5017;3762;6271;1;TRUE;;FALSE;89;Sør;3;3;0;61.10295;7.47243;0;;
Årdalselva;074.Z;15;Sognefjorden;074.Z_Årdalsel;;;;0.96;FALSE;;FALSE;96;Sør;;;;61.23555;7.69803;0;;
Jostedøla (Jostedalselva);076.Z;15;Sognefjorden;076.Z_Jostedøl;;;;1;FALSE;;FALSE;88;Sør;;;;61.39588;7.29096;0;;
Sogndalselva;077.3Z;15;Sognefjorden;Sogndal;114;86;172;0.9;TRUE;;FALSE;92;Sør;2;3;1;61.2277953;7.1043974;0;;
Årøyelva;077.Z;15;Sognefjorden;Aaroy;128;96;160;1;TRUE;;FALSE;97;Sør;3;3;0;61.2684765;7.1667858;0;;
Storelvi (Fjærland);078.2Z;15;Sognefjorden;078.2Z_Storelvi;;;;1;FALSE;;FALSE;93;Sør;;;;61.41627;6.75706;0;;
Vetlefjordelvi;078.5Z;15;Sognefjorden;078.5Z_Vetlefjo;;;;0.94;FALSE;;FALSE;94;Sør;;;;61.29992;6.55976;0;;
Daleelva;079.Z;15;Sognefjorden;DaleiHoyanger;271;203;406;0.98;TRUE;;FALSE;86;Sør;1.5;3;0;61.215816;6.0734999;0;;
Bøelva;080.4Z;15;Sognefjorden;080.4Z_Bøelva;22;16;27;0.86;FALSE;;FALSE;85;Sør;;;;61.13931;5.34524;0;;
Dalselva (Dale);082.5Z;16;Dalsfjorden;DalselvaDaleFjaler;142;107;213;0.91;TRUE;Dalsfjorden;FALSE;109;Sør;1;3;1;61.3642744;5.3949658;0;;
Flekkeelva;082.Z;16;Dalsfjorden;Flekke;277;188;415;0.99;TRUE;Dalsfjorden;FALSE;110;Sør;2;3;1;61.3112021;5.345125;0;;
Kvamselva i Sunnfjord;083.2Z;16;Dalsfjorden;Kvamselva;172;129;215;0.61;TRUE;Dalsfjorden;FALSE;112;Sør;1;3;1;61.37598;5.64109;0;;
Rivedalselva;083.4Z;16;Dalsfjorden;083.4Z_Rivedals;38;28;57;0.89;FALSE;Dalsfjorden;FALSE;113;Sør;;;;61.36217;5.26457;0;;
Gaula i Sunnfjorden;083.Z;16;Dalsfjorden;Gaular;1443;1082;2164;0.99;TRUE;Dalsfjorden;FALSE;111;Sør;2;3;1;61.3678829;5.672975;0;;
Nausta;084.7Z;17;Førdefjorden;Nausta;2171;1628;2714;0.95;TRUE;Førdefjorden;FALSE;108;Sør;1.5;3;1;61.5061424;5.7203231;0;;
Jølstra;084.Z;17;Førdefjorden;Jolstra;1153;865;1441;1;TRUE;Førdefjorden;FALSE;107;Sør;2;3;1;61.45875;5.82984;0;;
Solheimsvassdraget;085.4Z;4;Kysten_fra_Stadt_til_Stavanger;085.4Z_Solheims;;;;0.99;FALSE;;TRUE;118;Sør;;;;61.64767;5.42428;0;;
Norddalselva (Flora);085.5Z;4;Kysten_fra_Stadt_til_Stavanger;085.5Z_Norddals;;;;0.93;FALSE;;TRUE;116;Sør;;;;61.64096;5.37242;0;;
Osenelva;085.Z;4;Kysten_fra_Stadt_til_Stavanger;OsenFlora;1019;764;1274;1;TRUE;;TRUE;117;Sør;2;3;1;61.5513147;5.3993436;0;;
Indrehusvassdraget;086.1Z;4;Kysten_fra_Stadt_til_Stavanger;086.1Z_Indrehus;;;;0.96;FALSE;;TRUE;115;Sør;;;;61.72563;5.22309;0;;
Hopselva i Hyen;086.8Z;18;Nordfjord;HopselvaHyen;94;70;117;0.95;TRUE;Nordfjord;FALSE;101;Sør;2;3;1;61.7404429;5.9175507;0;;
Åelva og Ommedalselva;086.Z;18;Nordfjord;AaOmmedal;436;326;544;0.98;TRUE;Nordfjord;FALSE;106;Sør;2;3;1;61.7324124;5.9173136;0;;
Ryggelva;087.1Z;18;Nordfjord;087.1Z_Ryggelva;56;42;84;0.94;FALSE;Nordfjord;FALSE;104;Sør;;;;61.77964;6.12645;0;;
Gloppenelva;087.Z;18;Nordfjord;Gloppen;443;332;664;1;TRUE;Nordfjord;FALSE;99;Sør;2;3;1;61.7698785;6.1980587;0;;
Oldenelva;088.1Z;18;Nordfjord;Olden;151;114;227;1;TRUE;Nordfjord;FALSE;103;Sør;2;3;1;61.8352458;6.8036405;0;;
Loelva;088.2Z;18;Nordfjord;Loen;127;95;191;0.99;TRUE;Nordfjord;FALSE;102;Sør;2;3;1;61.8706906;6.844166;0;;
Strynselva;088.Z;18;Nordfjord;Stryn;540;270;810;1;TRUE;Nordfjord;FALSE;105;Sør;2;3;1;61.9018435;6.7170877;0;;
Hjalma;089.4Z;18;Nordfjord;Hjalma;121;91;182;0.92;TRUE;Nordfjord;FALSE;100;Sør;2;3;1;61.9131944;5.8527408;0;;
Eidselva;089.Z;18;Nordfjord;Eidselva;763;572;1145;0.98;TRUE;Nordfjord;FALSE;98;Sør;2;3;1;61.9019873;5.9845398;0;;
Ervikelva;091.3Z;4;Kysten_fra_Stadt_til_Stavanger;Ervik;123;92;154;1;TRUE;;TRUE;114;Sør;1;3;1;62.1649645;5.1100084;0;;
Åheimselva;092.Z;19;Sunnmørsfjordene;Aaheim;468;351;585;0.95;TRUE;Sunnmørsfjordene;FALSE;170;Sør;1;3;1;62.0332222;5.5287229;0;;
Oselva (Syvde);093.2Z;19;Sunnmørsfjordene;OsSyvde;173;130;224;0.93;TRUE;Sunnmørsfjordene;FALSE;153;Sør;1.5;3;1;62.0878237;5.7279462;0;;
Norddalselva (Vanylven);093.3Z;19;Sunnmørsfjordene;093.3Z_Norddals;32;24;40;1;FALSE;Sunnmørsfjordene;FALSE;152;Sør;;;;62.0962;5.74722;0;;
Austefjordelva;094.4Z;19;Sunnmørsfjordene;Austefjord;233;175;291;0.95;TRUE;Sunnmørsfjordene;FALSE;144;Sør;2;3;1;62.0611902;6.3250521;0;;
Øyraelva (Volda);094.6Z;19;Sunnmørsfjordene;094.6Z_Øyraelva;9;7;11;0.8;FALSE;Sunnmørsfjordene;FALSE;169;Sør;;;;62.14363;6.07038;0;;
Storelva (Søre Vartdal);095.3Z;19;Sunnmørsfjordene;StorSVart;324;243;405;0.95;TRUE;Sunnmørsfjordene;FALSE;158;Sør;2;3;0;62.3016841;6.0807864;0;;
Barstadvikelva;095.4Z;19;Sunnmørsfjordene;Barstadvik;165;124;206;0.96;TRUE;Sunnmørsfjordene;FALSE;145;Sør;1.5;3;0;62.362188;6.2738142;0;;
Ørstaelva;095.Z;19;Sunnmørsfjordene;Orsta;1353;1015;1691;0.99;TRUE;Sunnmørsfjordene;FALSE;168;Sør;2;3;1;62.195114;6.1252804;0;;
Hareidvassdraget;096.1Z;19;Sunnmørsfjordene;Hareid;388;291;485;0.83;TRUE;Sunnmørsfjordene;FALSE;148;Sør;1;3;1;62.366302;6.0405609;0;;
Standalselva;097.11Z;19;Sunnmørsfjordene;097.11Z_Standals;;;;0.95;FALSE;Sunnmørsfjordene;FALSE;156;Sør;;;;62.26563;6.42436;0;;
Bondalselva;097.1Z;19;Sunnmørsfjordene;Bondal;582;437;728;0.95;TRUE;Sunnmørsfjordene;FALSE;146;Sør;1.5;3;1;62.2058771;6.4779839;0;;
Vikelva (Bjørke);097.2Z;19;Sunnmørsfjordene;VikelvBjorke;169;127;211;1;TRUE;Sunnmørsfjordene;FALSE;165;Sør;2;3;1;62.1039783;6.548034;0;;
Norangdalselva;097.4Z;19;Sunnmørsfjordene;Norangdal;127;95;159;0.98;TRUE;Sunnmørsfjordene;FALSE;150;Sør;2;3;1;62.19273;6.65071;0;;
Riksheimselva;097.6Z;19;Sunnmørsfjordene;097.6Z_Riksheim;;;;0.79;FALSE;Sunnmørsfjordene;FALSE;154;Sør;;;;62.35782;6.57474;0;;
Vikelva (Sykkylven);097.721Z;19;Sunnmørsfjordene;097.721Z_Vikelva;;;;0.93;FALSE;Sunnmørsfjordene;FALSE;166;Sør;;;;62.37906;6.56874;0;;
Aureelva;097.72Z;19;Sunnmørsfjordene;Aureelva;323;242;404;0.88;TRUE;Sunnmørsfjordene;FALSE;143;Sør;1.5;3;1;62.3954381;6.5817185;0;;
Velledalselva (Fet);097.7Z;19;Sunnmørsfjordene;Velledal;484;363;605;0.85;TRUE;Sunnmørsfjordene;FALSE;164;Sør;1;3;1;62.3337242;6.592159;0;;
Strandaelva;098.3Z;19;Sunnmørsfjordene;Stranda;343;257;515;0.99;TRUE;Sunnmørsfjordene;FALSE;159;Sør;2;3;1;62.3068349;6.9502432;0;;
Korsbrekkelva;098.6Z;19;Sunnmørsfjordene;Korsbrekk;161;134;188;0.97;TRUE;Sunnmørsfjordene;FALSE;149;Sør;2;3;1;62.0817567;6.8757705;0;;
Eidsdalselva (Ytterdalselva);099.1Z;19;Sunnmørsfjordene;099.1Z_Eidsdals;172;129;258;0.91;FALSE;Sunnmørsfjordene;FALSE;147;Sør;;;;62.26175;7.17667;0;;
Norddalselva (Norddal);099.2Z;19;Sunnmørsfjordene;099.2Z_Norddals;86;65;108;0.98;FALSE;Sunnmørsfjordene;FALSE;151;Sør;;;;62.25475;7.23234;0;;
Tafjordelva;099.Z;19;Sunnmørsfjordene;Tafjord;37;28;56;0.85;TRUE;Sunnmørsfjordene;FALSE;160;Sør;1;3;1;62.23417;7.41735;0;;
Stordalselva;100.2Z;19;Sunnmørsfjordene;StordaliStordal;724;543;905;0.96;TRUE;Sunnmørsfjordene;FALSE;157;Sør;1.5;3;1;62.3768331;6.981165;0;;
Vagsvikelva;100.3Z;19;Sunnmørsfjordene;100.3Z_Vagsvike;25;19;31;0.6;FALSE;Sunnmørsfjordene;FALSE;162;Sør;;;;62.45047;6.88989;0;;
Valldøla;100.Z;19;Sunnmørsfjordene;Valldal;808;606;1212;1;TRUE;Sunnmørsfjordene;FALSE;163;Sør;2;3;1;62.2964612;7.2594427;0;;
Ørskogelva;101.1Z;19;Sunnmørsfjordene;Orskog;99;74;123;0.79;TRUE;Sunnmørsfjordene;FALSE;167;Sør;1;3;1;62.4794639;6.8118977;0;;
Solnørelva;101.2Z;19;Sunnmørsfjordene;Solnor;128;96;159;0.63;TRUE;Sunnmørsfjordene;FALSE;155;Sør;1;3;1;62.4876747;6.7254702;0;;
Tennfjordelva;101.6Z;19;Sunnmørsfjordene;Tennfjord;346;260;433;0.65;TRUE;Sunnmørsfjordene;FALSE;161;Sør;1.5;3;1;62.5319513;6.5860888;0;;
Hildreelva;102.11Z;5;Kysten_av_Møre_og_Romsdal;102.11Z_Hildreel;20;17;23;0.16;FALSE;;TRUE;171;Sør;;;;62.6104;6.34635;0;;
Skorgeelva (Vestnes);102.5Z;20;Romsdalsfjord;102.5Z_Skorgeel;152;114;190;0.59;FALSE;Romsdalsfjorden;FALSE;140;Sør;;;;62.57387;7.124;0;;
Tressa;102.6Z;20;Romsdalsfjord;Tressa;262;197;328;0.95;TRUE;Romsdalsfjorden;FALSE;141;Sør;1.5;3;1;62.5243799;7.1358544;0;;
Måna;103.1Z;20;Romsdalsfjord;Maana;363;272;454;0.98;TRUE;Romsdalsfjorden;FALSE;136;Sør;1.5;3;0;62.53766;7.43692;0;;
Innfjordelva;103.2Z;20;Romsdalsfjord;Innfjordelva;275;206;343;0.92;TRUE;Romsdalsfjorden;FALSE;134;Sør;1.5;3;0;62.49676;7.55476;0;;
Isa og Glutra;103.4Z;20;Romsdalsfjord;Isa;374;281;560;0.91;TRUE;Romsdalsfjorden;FALSE;135;Sør;1.5;3;0;62.57174;7.78476;0;;
Rauma;103.Z;20;Romsdalsfjord;Rauma;5216;3912;7823;1;TRUE;Romsdalsfjorden;FALSE;139;Sør;3;3;0;62.55706;7.67627;0;;
Visa;104.2Z;20;Romsdalsfjord;Visa;185;139;278;0.95;TRUE;Romsdalsfjorden;FALSE;142;Sør;1.5;3;1;62.7228165;7.9267552;0;;
Eira;104.Z;20;Romsdalsfjord;Eira;761;571;1142;0.99;TRUE;Romsdalsfjorden;FALSE;133;Sør;1.5;3;0;62.6847737;8.1315596;0;;
Istadelva (Olterelva);105.3Z;20;Romsdalsfjord;105.3Z_Istadelv;36;27;54;0.14;FALSE;Romsdalsfjorden;FALSE;138;Sør;;;;62.79497;7.67132;0;;
Oselva;105.Z;20;Romsdalsfjord;OselvaMolde;892;669;1115;0.79;TRUE;Romsdalsfjorden;FALSE;137;Sør;1;3;1;62.7927449;7.7209286;0;;
Sylteelva og Moaelva;107.3Z;5;Kysten_av_Møre_og_Romsdal;Sylteelva;406;304;507;0.73;TRUE;;TRUE;173;Midt;1;3;1;62.8351759;7.2086735;0;;
Hustadelva;107.6Z;5;Kysten_av_Møre_og_Romsdal;Hustad;444;333;589;0.48;TRUE;;TRUE;172;Midt;1;3;1;62.9587004;7.1015123;0;;
Vassgårdselva;108.221Z;21;Sunndalsfjord;108.221Z_Vassgård;30;22;44;0.61;FALSE;;FALSE;132;Midt;;;;62.90098;7.44742;0;;
Vågsbøelva;108.2Z;5;Kysten_av_Møre_og_Romsdal;Vaagsbo;344;258;457;0.48;TRUE;;FALSE;126;Midt;1;3;1;62.8998048;7.431207;0;;
Batnfjordselva;108.3Z;21;Sunndalsfjord;108.3Z_Batnfjor;875;656;1094;0.45;FALSE;;FALSE;121;Midt;;;;62.89678;7.67673;0;;
Usma;109.4Z;21;Sunndalsfjord;109.4Z_Usma;370;278;556;0.91;FALSE;;FALSE;131;Midt;;;;62.71961;8.41921;0;;
Litledalselva;109.5Z;21;Sunndalsfjord;109.5Z_Litledal;252;189;378;0.95;FALSE;;FALSE;125;Midt;;;;62.67135;8.52372;0;;
Driva;109.Z;21;Sunndalsfjord;109.Z_Driva;6073;4555;9110;0.99;FALSE;;FALSE;124;Midt;;;;62.67625;8.54461;0;;
Søya;111.7Z;22;Nordmørsfjordene;Soya;828;621;1241;0.48;TRUE;Nordmørsfjordene;FALSE;128;Midt;1.5;3;1;62.8886793;8.5390378;0;;
Toåa;111.Z;22;Nordmørsfjordene;Toaaa;426;319;639;0.94;TRUE;Nordmørsfjordene;FALSE;130;Midt;1.5;3;0;62.8195789;8.6986975;0;;
Bævra;112.3Z;22;Nordmørsfjordene;112.3Z_Bævra;1074;805;1611;0.96;FALSE;Nordmørsfjordene;FALSE;123;Midt;;;;63.02128;8.59089;0;;
Surna;112.Z;22;Nordmørsfjordene;Surna;4836;3627;7254;0.99;TRUE;Nordmørsfjordene;FALSE;127;Midt;2;3;0;62.9711508;8.6597798;0;;
Todalselva (Aure);113.6Z;22;Nordmørsfjordene;113.6Z_Todalsel;164;123;246;0.74;FALSE;Nordmørsfjordene;FALSE;129;Midt;;;;63.19938;8.68894;0;;
Fjelna;113.Z;22;Nordmørsfjordene;Fjelna;108;81;161;0.9;TRUE;Nordmørsfjordene;FALSE;122;Midt;2;3;1;63.2037267;8.9831781;0;;
Åelva i Heim;116.Z;6;Kysten_av_Trøndelag;AaelvaHemne;436;310;654;0.7;TRUE;;TRUE;211;Midt;2;3;1;63.40256;9.00649;0;;
Søa;119.1Z;23;Hemnfjorden;Soa;171;112;256;0.7;TRUE;Hemnfjorden;FALSE;205;Midt;2;3;1;63.2938678;9.089568;0;;
Hollaelva;119.3Z;23;Hemnfjorden;Holla;86;65;130;1;TRUE;Hemnfjorden;FALSE;;Midt;2;3;1;63.31869;9.15298;0;;
Snilldalselva;119.42Z;23;Hemnfjorden;119.42Z_Snilldal;113;85;170;1;FALSE;Hemnfjorden;FALSE;204;Midt;;;;63.3973;9.50151;0;;
Bergselva;119.4Z;23;Hemnfjorden;119.4Z_Bergselv;36;27;54;0.58;FALSE;Hemnfjorden;FALSE;203;Midt;;;;63.39761;9.50026;0;;
Åstelva;119.6Z;23;Hemnfjorden;119.6Z_Åstelva;3;2;4;0.96;FALSE;Hemnfjorden;FALSE;206;Midt;;;;63.48527;9.51437;0;;
Orkla;121.Z;24;Trondheimsfjorden;Orkla;18911;14183;23639;0.99;TRUE;Trondheimsfjorden;FALSE;196;Midt;2;3;1;63.3195927;9.8406198;0;;
Børsa;122.1Z;24;Trondheimsfjorden;Borsa;137;103;171;0.53;TRUE;Trondheimsfjorden;FALSE;189;Midt;1;3;1;63.3253381;10.0760939;0;;
Vigda;122.2Z;24;Trondheimsfjorden;Vigda;309;232;386;0.87;TRUE;Trondheimsfjorden;FALSE;202;Midt;1;3;1;63.3125359;10.1820541;0;;
Gaula;122.Z;24;Trondheimsfjorden;Gaula;25817;19362;32271;1;TRUE;Trondheimsfjorden;FALSE;191;Midt;2;3;1;63.3426115;10.2268457;0;;
Homla;123.4Z;24;Trondheimsfjorden;Homla;250;188;313;0.86;TRUE;Trondheimsfjorden;FALSE;192;Midt;1;3;1;63.41458;10.80229;0;;
Nidelva;123.Z;24;Trondheimsfjorden;NidelvaTrondheim;2730;2047;3412;0.99;TRUE;Trondheimsfjorden;FALSE;194;Midt;3;3;1;63.434475;10.4073044;0;;
Stjørdalselva;124.Z;24;Trondheimsfjorden;Stjordal;6763;5072;10144;1;TRUE;Trondheimsfjorden;FALSE;200;Midt;2;3;1;63.4474805;10.9064901;0;;
Levangerelva;126.6Z;24;Trondheimsfjorden;Levanger;516;387;774;0.7;TRUE;Trondheimsfjorden;FALSE;193;Midt;1;3;1;63.7499186;11.3050744;0;;
Verdalselva;127.Z;24;Trondheimsfjorden;Verdal;4016;3012;6025;0.95;TRUE;Trondheimsfjorden;FALSE;201;Midt;2;3;1;63.8035911;11.457959;0;;
Figga;128.3Z;24;Trondheimsfjorden;128.3Z_Figga;773;580;1159;0.5;FALSE;Trondheimsfjorden;FALSE;190;Midt;;;;64.00614;11.49832;0;;
Steinkjerelva og Byaelva;128.Z;24;Trondheimsfjorden;ByaSteinkjer;501;376;752;0.98;TRUE;Trondheimsfjorden;FALSE;199;Midt;2;3;1;64.01193;11.48228;0;;
Skauga;132.Z;24;Trondheimsfjorden;Skauga;1179;884;1768;0.94;TRUE;Trondheimsfjorden;FALSE;198;Midt;2;3;1;63.5929303;9.9201375;0;;
Osaelva;133.2Z;24;Trondheimsfjorden;133.2Z_Osaelva;130;97;162;0.24;FALSE;Trondheimsfjorden;FALSE;197;Midt;;;;63.7543;10.12973;0;;
Nordelva;133.3Z;24;Trondheimsfjorden;NordelvaBjugn;575;431;719;0.94;TRUE;Trondheimsfjorden;FALSE;195;Midt;1.5;3;1;63.7834034;10.1213415;0;;
Teksdalselva;134.Z;6;Kysten_av_Trøndelag;Teksdalselva;49;37;62;0.94;TRUE;;TRUE;210;Midt;1.5;3;1;63.8552992;9.8829831;0;;
Oldenelva;135.1Z;25;Åfjord;OldenelvaBjugn;177;132;221;0.41;TRUE;Åfjord;FALSE;187;Midt;1;3;1;63.87428;9.92937;0;;
Stordalselva;135.Z;25;Åfjord;StordalselvaAafjord;3090;2317;3862;0.8;TRUE;Åfjord;FALSE;188;Midt;1.5;3;1;63.9583724;10.2225599;0;;
Norddalselva;135.ZB;25;Åfjord;NordalselvaAafjord;834;625;1251;0.53;TRUE;Åfjord;FALSE;186;Midt;1;3;1;63.9589825;10.2213195;0;;
Straumsvassdraget;136.52Z;6;Kysten_av_Trøndelag;136.52Z_Straumsv;48;36;72;0.45;FALSE;;TRUE;209;Midt;;;;64.17497;10.37104;0;;
Steinsdalselva;137.2Z;6;Kysten_av_Trøndelag;SteinsdalselvaOsen;1207;905;1810;0.82;TRUE;;TRUE;208;Midt;1;3;1;64.2970032;10.5067511;0;;
Lauvsneselva;137.7Z;6;Kysten_av_Trøndelag;137.7Z_Lauvsnes;;;;0.85;FALSE;;TRUE;207;Midt;;;;64.49986;10.9102;0;;
Oksdøla;138.3Z;26;Namsfjorden;Oksdola;258;194;388;0.52;TRUE;Namsfjorden;FALSE;182;Midt;1;3;1;64.42638;11.19572;0;;
Aursunda;138.5Z;26;Namsfjorden;Aursunda;327;245;490;0.2;TRUE;Namsfjorden;FALSE;179;Midt;1;3;1;64.3658952;11.3875792;0;;
Bogna;138.6Z;26;Namsfjorden;Bogna;870;653;1306;0.76;TRUE;Namsfjorden;FALSE;180;Midt;1;3;1;64.3871252;11.397962;0;;
Årgårdsvassdraget;138.Z;26;Namsfjorden;Aargaard;3520;2640;4399;0.35;TRUE;Namsfjorden;FALSE;184;Midt;1.5;3;1;64.3129762;11.2243471;0;;
Øyensåa og Årgårdselva;138.ZB;26;Namsfjorden;AargaardAargOyensaaa;1008;755;1259;0.35;TRUE;Namsfjorden;FALSE;184;Midt;1.5;3;0;64.3129762;11.2243471;1;138.Z;0.29
Ferga-Austerelva;138.ZA;26;Namsfjorden;AargaardFergaOsterelva;2511;1884;3139;0.35;TRUE;Namsfjorden;FALSE;185;Midt;1.5;3;0;64.3129762;11.2243471;1;138.Z;0.71
Namsen;139.Z;26;Namsfjorden;Namsen;18654;11161;26148;0.95;TRUE;Namsfjorden;FALSE;181;Midt;2;3;1;64.4626126;11.5247537;0;;
Høylandsvassdraget;139.ZA;26;Namsfjorden;Hoyland;4305;3228;5381;0.95;TRUE;Namsfjorden;FALSE;181;Midt;2;3;0;64.4626126;11.5247537;1;139.Z;0.23
Sandøla;139.ZB;26;Namsfjorden;Sandola;2638;1319;3956;0.95;TRUE;Namsfjorden;FALSE;181;Midt;2;3;0;64.4626126;11.5247537;1;139.Z;0.14
Salvassdraget;140.Z;26;Namsfjorden;Salvassdraget;797;598;1196;0.75;TRUE;Namsfjorden;FALSE;183;Midt;1.5;3;1;64.6906466;11.4371685;0;;
Kvistenelva;141.4Z;27;Follafjorden;141.4Z_Kvistene;89;66;133;0.25;FALSE;Foldafjorden;FALSE;176;Midt;;;;64.86602;11.80972;0;;
Opløyelva;141.Z;27;Follafjorden;141.Z_Opløyelv;2;2;3;0.95;FALSE;Foldafjorden;FALSE;178;Midt;;;;64.80157;11.86157;0;;
Nordfolda;142.3AZ;27;Follafjorden;Nordfolda;124;62;186;0.8;TRUE;Foldafjorden;FALSE;177;Midt;2;3;1;64.881338;12.4481503;0;;
Kongsmoelva;142.3Z;27;Follafjorden;KongsmoAlene;306;153;460;0.8;TRUE;Foldafjorden;FALSE;175;Midt;1.5;3;1;64.8804203;12.4465615;0;;
Horvenelva;143.532Z;28;Sørsalten;143.532Z_Horvenel;152;114;227;0.65;FALSE;Sørsalten;FALSE;174;Midt;;;;64.90761;11.69144;0;;
Terråkelva;144.4Z;29;Bindalsfjorden;144.4Z_Terråkel;55;28;83;0.8;FALSE;Bindalsfjorden;FALSE;232;Midt;;;;65.08959;12.38771;0;;
Urvollelva;144.5Z;29;Bindalsfjorden;Urvollelva;75;56;112;0.57;TRUE;Bindalsfjorden;FALSE;233;Midt;1;4;1;65.13426;12.58653;0;;
Bogelva (Bindal);144.61Z;29;Bindalsfjorden;Bogelva;115;87;173;0.98;TRUE;Bindalsfjorden;FALSE;229;Midt;2;4;1;65.21224;12.78612;0;;
Storelva (Tosbotn);144.7Z;29;Bindalsfjorden;StorelvaTosbotn;93;70;140;0.81;TRUE;Bindalsfjorden;FALSE;231;Midt;1.5;4;1;65.3301922;12.9562872;0;;
Åbjøra;144.Z;29;Bindalsfjorden;Aabjora;954;477;1430;0.88;TRUE;Bindalsfjorden;FALSE;234;Midt;1.5;4;1;65.0776803;12.4528524;0;;
Eidevassdraget;145.2Z;29;Bindalsfjorden;EideBindal;155;117;233;0.69;TRUE;Bindalsfjorden;FALSE;230;Midt;1;4;1;65.2491792;12.4391956;0;;
Færsetvassdraget;147.3Z;7;Nordlandskysten_sør_for_Vestfjorden;147.3Z_Færsetva;161;120;241;0.74;FALSE;;TRUE;266;Midt;;;;65.65401;11.9966;0;;
Sausvassdraget;148.2Z;30;Vellfjorden;Saus;750;563;938;0.86;TRUE;Vellfjorden;FALSE;228;Midt;1.5;4;1;65.38202;12.51485;0;;
Lomselva;148.Z;30;Vellfjorden;148.Z_Lomselva;221;110;331;0.72;FALSE;Vellfjorden;FALSE;227;Midt;;;;65.46198;12.77673;0;;
Lakselvvassdraget;149.2Z;31;Vefsnfjorden;149.2Z_Lakselvv;307;153;460;0.99;FALSE;Vefsnfjorden;FALSE;223;Midt;;;;65.63059;12.74799;0;;
Hestdalselva;149.61Z;31;Vefsnfjorden;149.61Z_Hestdals;80;60;121;0.66;FALSE;Vefsnfjorden;FALSE;221;Midt;;;;65.84337;12.69282;0;;
Halsanelva;149.6Z;31;Vefsnfjorden;149.6Z_Halsanel;133;100;200;0.36;FALSE;Vefsnfjorden;FALSE;220;Midt;;;;65.84427;12.68948;0;;
Hundåla;151.1Z;31;Vefsnfjorden;151.1Z_Hundåla;131;65;196;1;FALSE;Vefsnfjorden;FALSE;222;Midt;;;;65.92679;12.94581;0;;
Vefsna;151.Z;31;Vefsnfjorden;Vefsna;14152;9148;19668;0.98;TRUE;Vefsnfjorden;FALSE;226;Midt;2;4;0;65.84525;13.18189;0;;
Drevjavassdraget;152.2Z;31;Vefsnfjorden;Drevja;570;285;855;0.83;TRUE;Vefsnfjorden;FALSE;218;Midt;1.5;4;0;65.94528;13.13419;0;;
Fustavassdraget;152.Z;31;Vefsnfjorden;Fusta;1263;947;1894;0.96;TRUE;Vefsnfjorden;FALSE;219;Midt;2;4;0;65.90256;13.16693;0;;
Leirelvvassdraget;153.22Z;31;Vefsnfjorden;Leirelva;171;128;256;0.84;TRUE;Vefsnfjorden;FALSE;224;Midt;1.5;4;0;66.07577;13.05318;0;;
Breilandselva;153.32Z;31;Vefsnfjorden;153.32Z_Breiland;;;;0.75;FALSE;Vefsnfjorden;FALSE;217;Midt;;;;66.0721;12.99947;0;;
Ranelva (Leirfjord);153.3Z;31;Vefsnfjorden;Ranelva;56;42;71;0.99;TRUE;Vefsnfjorden;FALSE;225;Midt;2;4;0;66.0779;13.04545;0;;
Bardalselva;153.6Z;31;Vefsnfjorden;153.6Z_Bardalse;190;143;285;0.38;FALSE;Vefsnfjorden;FALSE;216;Midt;;;;66.21751;13.38183;0;;
Bjerka;155.4Z;32;Ranafjorden;155.4Z_Bjerka;205;112;308;0.8;FALSE;Ranafjorden;FALSE;213;Midt;;;;66.15609;13.83837;0;;
Røssåga;155.Z;32;Ranafjorden;Rossaaga;1249;624;1873;0.97;TRUE;Ranafjorden;FALSE;215;Midt;2;4;0;66.1396485;13.8012332;0;;
Ranavassdraget;156.Z;32;Ranafjorden;Rana;1222;611;1833;1;TRUE;Ranafjorden;FALSE;214;Midt;3;4;0;66.33328;14.16641;0;;
Flostrandvassdraget;157.42Z;7;Nordlandskysten_sør_for_Vestfjorden;157.42Z_Flostran;60;45;90;0.8;FALSE;Sjona;TRUE;212;Midt;;;;66.33563;13.37349;0;;
Silavassdraget;157.52Z;7;Nordlandskysten_sør_for_Vestfjorden;157.52Z_Silavass;28;21;41;0.31;FALSE;;TRUE;273;Midt;;;;66.33276;13.14622;0;;
Brattlandsvassdraget;157.6Z;7;Nordlandskysten_sør_for_Vestfjorden;157.6Z_Brattlan;;;;0.87;FALSE;;TRUE;263;Midt;;;;66.4048;13.15879;0;;
Gjervalelva;159.21Z;7;Nordlandskysten_sør_for_Vestfjorden;Gjerval;75;63;88;0.95;TRUE;;TRUE;267;Midt;1.5;4;0;66.47414;13.42591;0;;
Spildervassdraget;160.41Z;7;Nordlandskysten_sør_for_Vestfjorden;Spilder;235;176;352;0.81;TRUE;;TRUE;275;Midt;1.5;4;1;66.8598316;13.734291;0;;
Reipåvassdraget;160.43Z;7;Nordlandskysten_sør_for_Vestfjorden;Reipaa;111;83;166;0.55;TRUE;;TRUE;272;Midt;1;4;1;66.9081993;13.6322504;0;;
Skromma;160.51Z;7;Nordlandskysten_sør_for_Vestfjorden;160.51Z_Skromma;;;;0.75;FALSE;;TRUE;274;Midt;;;;66.94723;13.73642;0;;
Laksådalsvassdraget;160.71Z;7;Nordlandskysten_sør_for_Vestfjorden;160.71Z_Laksådal;37;28;55;0.31;FALSE;;TRUE;270;Midt;;;;66.94739;13.9075;0;;
Sundfjordselva;161.1Z;7;Nordlandskysten_sør_for_Vestfjorden;161.1Z_Sundfjor;;;;0.94;FALSE;;TRUE;277;Midt;;;;66.97747;14.15057;0;;
Beiarvassdraget;161.Z;33;Beiarfjorden;Beiarn;1704;852;2555;0.98;TRUE;Beiarfjorden;FALSE;262;Midt;2;4;1;67.0342497;14.5849106;0;;
Valneselva;162.1Z;7;Nordlandskysten_sør_for_Vestfjorden;Valnesfjordvassdraget;32;24;47;0.95;TRUE;;TRUE;;Midt;1.5;5;1;67.1807;14.45811;0;;
Lakselva i Misvær (Bodø);162.7Z;34;Skjerstadfjorden;162.7Z_Lakselva;196;147;294;0.89;FALSE;Skjerstadfjorden;FALSE;260;Midt;;;;67.12148;14.99884;0;;
Saltdalsvassdraget;163.Z;34;Skjerstadfjorden;Saltdal;2385;1193;3578;0.98;TRUE;Skjerstadfjorden;FALSE;261;Midt;2;4;1;67.1020237;15.4219569;0;;
Setså;164.1Z;34;Skjerstadfjorden;Setsaa;64;32;95;0.9;TRUE;Skjerstadfjorden;FALSE;;Midt;1.5;4;1;67.16428;15.4853;0;;
Lakselva i Valnesfjord;164.3Z;34;Skjerstadfjorden;LakselvaValnesfjord;298;149;447;0.9;TRUE;Skjerstadfjorden;FALSE;259;Midt;1.5;4;1;67.34063;15.24427;0;;
Hopsvassdraget i Bodø;165.1Z;7;Nordlandskysten_sør_for_Vestfjorden;165.1Z_Hopsvass;;;;0.94;FALSE;;TRUE;268;Midt;;;;67.31467;14.73589;0;;
Futelva;165.2Z;7;Nordlandskysten_sør_for_Vestfjorden;Futelva;88;66;132;0.39;TRUE;;TRUE;265;Midt;1;4;1;67.2874;14.6041;0;;
Fjærevassdraget;165.7Z;7;Nordlandskysten_sør_for_Vestfjorden;Fjaere;75;56;94;0.52;TRUE;;TRUE;264;Midt;1;4;1;67.50369;14.71557;0;;
Strandåvassdraget;165.8Z;7;Nordlandskysten_sør_for_Vestfjorden;165.8Z_Strandåv;;;;0.23;FALSE;;TRUE;276;Midt;;;;67.54008;14.84062;0;;
Lakselva (Valljorda);166.3Z;35;Sørfolda;166.3Z_Lakselva;98;74;123;0.71;FALSE;Sørfolda;FALSE;255;Midt;;;;67.35745;15.57719;0;;
Straumenvassdraget;166.4Z;35;Sørfolda;166.4Z_Straumen;;;;0.95;FALSE;Sørfolda;FALSE;258;Midt;;;;67.3475;15.59347;0;;
Laksåga;166.5Z;35;Sørfolda;LaksaagaSorfold;203;102;305;0.99;TRUE;Sørfolda;FALSE;256;Midt;1.5;4;0;67.43495;15.69178;0;;
Bonnåga;167.3Z;35;Sørfolda;Bonnaa;210;157;315;0.96;TRUE;Sørfolda;FALSE;253;Midt;1;4;1;67.5724107;15.7321554;0;;
Kobbelvvassdraget;167.Z;35;Sørfolda;167.Z_Kobbelvv;234;117;351;0.97;FALSE;Sørfolda;FALSE;254;Midt;;;;67.59243;15.88011;0;;
Mørsvikelva;168.5Z;35;Sørfolda;Morsvikelva;21;10;31;0.9;TRUE;Sørfolda;FALSE;;Midt;1;4;1;67.70945;15.85488;0;;
Hopvassdraget (Steigen);168.6Z;7;Nordlandskysten_sør_for_Vestfjorden;168.6Z_Hopvassd;150;75;225;0.97;FALSE;;TRUE;269;Midt;;;;67.78675;15.61017;0;;
Lommervassdraget (Bellkjøselva);168.7Z;7;Nordlandskysten_sør_for_Vestfjorden;168.7Z_Lommerva;;;;1.04;FALSE;;TRUE;271;Midt;;;;67.85394;15.45058;0;;
Varpavassdraget;170.5Z;7;Nordlandskysten_sør_for_Vestfjorden;Varpa;218;163;272;0.78;TRUE;;TRUE;252;Midt;1;4;1;68.0233021;15.9539155;0;;
Sagvatnanvassdraget;170.Z;36;Ofot_Efjord_Tysfjord;170.Z_Sagvatna;;;;0.62;FALSE;Ofot, Efjord og Tysfjord;FALSE;247;Midt;;;;67.90608;15.86437;0;;
Muskvikelva;171.6Z;36;Ofot_Efjord_Tysfjord;171.6Z_Muskvike;;;;0.6;FALSE;Ofot, Efjord og Tysfjord;FALSE;243;Midt;;;;68.02513;16.51422;0;;
Stabburselva og Draugelva;171.Z;36;Ofot_Efjord_Tysfjord;171.Z_Stabburs;86;43;129;0.84;FALSE;Ofot, Efjord og Tysfjord;FALSE;257;Midt;;;;67.81696;16.51184;0;;
Forsåvassdraget;172.Z;36;Ofot_Efjord_Tysfjord;Forsaa;324;225;485;0.91;TRUE;Ofot, Efjord og Tysfjord;FALSE;237;Midt;1;4;1;68.2722656;16.6293572;0;;
Kjeldelva;173.1Z;36;Ofot_Efjord_Tysfjord;Kjeld;364;273;546;0.59;TRUE;Ofot, Efjord og Tysfjord;FALSE;239;Midt;1;4;1;68.4204227;16.6267245;0;;
Rånavassdraget;173.3Z;36;Ofot_Efjord_Tysfjord;Raana;91;68;137;0.97;TRUE;Ofot, Efjord og Tysfjord;FALSE;246;Midt;1;4;1;68.3558598;17.0112656;0;;
Skjoma;173.Z;36;Ofot_Efjord_Tysfjord;Skjoma;547;274;821;0.97;TRUE;Ofot, Efjord og Tysfjord;FALSE;248;Midt;2;4;1;68.2493267;17.3910776;0;;
Lakselva (Beisfjord);174.2Z;36;Ofot_Efjord_Tysfjord;174.2Z_Lakselva;;;;0.38;FALSE;Ofot, Efjord og Tysfjord;FALSE;241;Midt;;;;68.37446;17.59617;0;;
Rombakselva;174.3Z;36;Ofot_Efjord_Tysfjord;174.3Z_Rombakse;60;30;90;0.9;FALSE;Ofot, Efjord og Tysfjord;FALSE;245;Midt;;;;68.41448;17.90031;0;;
Elvegårdselva;174.5Z;36;Ofot_Efjord_Tysfjord;Elvegard;172;129;258;0.99;TRUE;Ofot, Efjord og Tysfjord;FALSE;236;Midt;2;4;1;68.5461157;17.562934;0;;
Bogenvassdraget;175.2Z;36;Ofot_Efjord_Tysfjord;175.2Z_Bogenvas;;;;0.27;FALSE;Ofot, Efjord og Tysfjord;FALSE;235;Midt;;;;68.5262;16.9961;0;;
Laksåvassdraget (Evenes);175.3Z;36;Ofot_Efjord_Tysfjord;175.3Z_Laksåvas;50;37;74;0.37;FALSE;Ofot, Efjord og Tysfjord;FALSE;242;Midt;;;;68.49973;16.92261;0;;
Tårstadvassdraget;175.4Z;36;Ofot_Efjord_Tysfjord;Taarstad;312;234;467;0.46;TRUE;Ofot, Efjord og Tysfjord;FALSE;251;Midt;1;4;1;68.4641755;16.6476172;0;;
Myklebostadvassdraget;176.2Z;36;Ofot_Efjord_Tysfjord;176.2Z_Myklebos;40;30;60;0.39;FALSE;Ofot, Efjord og Tysfjord;FALSE;244;Midt;;;;68.42258;16.36414;0;;
Lakselva (Gullesfjord);177.1Z;9;Kysten_av_Troms;177.1Z_Lakselva;87;43;130;0.82;FALSE;;TRUE;356;Midt;;;;68.53153;15.74467;0;;
Melåa;177.2Z;9;Kysten_av_Troms;177.2Z_Melåa;;;;0.79;FALSE;;TRUE;359;Midt;;;;68.66587;16.08045;0;;
Botnelva (Kvæfjord);177.3Z;9;Kysten_av_Troms;177.3Z_Botnelva;;;;0.94;FALSE;;TRUE;351;Midt;;;;68.71156;16.2953;0;;
Kongsvikelva;177.6Z;9;Kysten_av_Troms;Kongsvikelva;120;90;180;0.57;TRUE;;TRUE;240;Midt;1;4;1;68.56403;16.2398;0;;
Sneiselvvassdraget;177.73Z;9;Kysten_av_Troms;Sneis;102;77;154;0.75;TRUE;;TRUE;249;Midt;1;4;1;68.40372;15.73869;0;;
Heggedalselva;177.7Z;9;Kysten_av_Troms;Heggedal;95;47;142;0.75;TRUE;;TRUE;238;Midt;1;4;1;68.50993;15.87518;0;;
Storvatnvassdraget (Lødingen);178.112Z;9;Kysten_av_Troms;178.112Z_Storvatn;;;;0.8;FALSE;;TRUE;250;Midt;;;;68.46705;15.49804;0;;
Kongselvvassdraget;178.2Z;8;Lofoten_og_Vesterålen;178.2Z_Kongselv;;;;0.61;FALSE;;TRUE;300;Midt;;;;68.4364;15.18137;0;;
Kaljordvassdraget;178.3Z;8;Lofoten_og_Vesterålen;178.3Z_Kaljordv;18;13;27;0.8;FALSE;;TRUE;296;Midt;;;;68.52782;15.26511;0;;
Fiskfjordvassdraget;178.42Z;8;Lofoten_og_Vesterålen;178.42Z_Fiskfjor;8;6;12;0.81;FALSE;;TRUE;288;Midt;;;;68.56887;15.34003;0;;
Blokkenvassdraget (Blokkelva);178.43Z;8;Lofoten_og_Vesterålen;178.43Z_Blokkenv;10;7;15;0.7;FALSE;;TRUE;280;Midt;;;;68.60054;15.38319;0;;
Kjerringnesvassdraget;178.51Z;8;Lofoten_og_Vesterålen;Kjerringnes;281;211;356;0.64;TRUE;;TRUE;297;Midt;1.5;4;1;68.6559006;15.4847772;0;;
Osvollvassdraget;178.52Z;8;Lofoten_og_Vesterålen;178.52Z_Osvollva;205;153;261;0.53;FALSE;;TRUE;308;Midt;;;;68.67585;15.47553;0;;
Sørdalselva;178.54Z;8;Lofoten_og_Vesterålen;178.54Z_Sørdalse;146;109;218;0.59;FALSE;;TRUE;319;Midt;;;;68.69349;15.71613;0;;
Eidebuktvassdraget;178.55Z;8;Lofoten_og_Vesterålen;178.55Z_Eidebukt;;;;0.48;FALSE;;TRUE;285;Midt;;;;68.74229;15.66085;0;;
Roksøyvassdraget;178.62Z;8;Lofoten_og_Vesterålen;178.62Z_Roksøyva;53;40;80;0.76;FALSE;;TRUE;311;Midt;;;;68.80354;15.54476;0;;
Forfjordelva;178.63Z;8;Lofoten_og_Vesterålen;Forfjord;117;88;175;0.53;TRUE;;TRUE;289;Midt;1;4;1;68.8171351;15.6807056;0;;
Gårdselvvassdraget;178.6Z;8;Lofoten_og_Vesterålen;Gardselv;292;219;372;0.72;TRUE;;TRUE;291;Midt;1;4;1;68.8302106;15.6556375;0;;
Litlelvvassdraget;178.73Z;8;Lofoten_og_Vesterålen;178.73Z_Litlelvv;;;;0.61;FALSE;;TRUE;303;Midt;;;;68.95516;15.7569;0;;
Storelva (Lovik);178.74Z;8;Lofoten_og_Vesterålen;178.74Z_Storelva;101;76;152;0.63;FALSE;;TRUE;316;Midt;;;;68.95554;15.79304;0;;
Buksnesvassdraget;178.7Z;8;Lofoten_og_Vesterålen;Buksnes;573;430;716;0.74;TRUE;;TRUE;283;Midt;1;4;1;68.8861578;15.6354513;0;;
Langvatnvassdraget;178.9Z;9;Kysten_av_Troms;178.9Z_Langvatn;22;18;26;0.52;FALSE;;TRUE;357;Midt;;;;68.61621;15.76451;0;;
Vestpollvassdraget (Vågan);179.332Z;8;Lofoten_og_Vesterålen;179.332Z_Vestpoll;61;45;76;0.6;FALSE;;TRUE;320;Midt;;;;68.3214;14.65138;0;;
Svolværvassdraget;179.41Z;8;Lofoten_og_Vesterålen;179.41Z_Svolværv;;;;0.87;FALSE;;TRUE;318;Midt;;;;68.24215;14.54198;0;;
Delpvassdraget;179.7Z;8;Lofoten_og_Vesterålen;179.7Z_Delpvass;;;;0.45;FALSE;;TRUE;284;Midt;;;;68.37933;14.5558;0;;
Fiskebølvassdraget;179.8Z;8;Lofoten_og_Vesterålen;179.8Z_Fiskebøl;;;;0.66;FALSE;;TRUE;287;Midt;;;;68.42791;14.81986;0;;
Helosvassdraget;180.11Z;8;Lofoten_og_Vesterålen;180.11Z_Helosvas;11;8;14;0.62;FALSE;;TRUE;293;Midt;;;;68.25996;14.01077;0;;
Farstadvassdraget;180.4Z;8;Lofoten_og_Vesterålen;180.4Z_Farstadv;124;93;155;0.75;FALSE;;TRUE;286;Midt;;;;68.18369;13.61462;0;;
Borgevassdraget;180.6Z;8;Lofoten_og_Vesterålen;180.6Z_Borgevas;38;29;57;0.99;FALSE;;TRUE;281;Midt;;;;68.24283;13.78155;0;;
Klovassdraget;185.111Z;8;Lofoten_og_Vesterålen;185.111Z_Klovassd;;;;0.53;FALSE;;TRUE;298;Midt;;;;68.97645;15.16095;0;;
Lifjordvassdraget;185.12Z;8;Lofoten_og_Vesterålen;185.12Z_Lifjordv;;;;0.56;FALSE;;TRUE;302;Midt;;;;68.82307;15.24633;0;;
Alsvågvassdraget;185.1Z;8;Lofoten_og_Vesterålen;Alsvaag;241;180;344;0.62;TRUE;;TRUE;278;Midt;1;4;1;68.916633;15.2341031;0;;
Bremnesvassdraget;185.22Z;8;Lofoten_og_Vesterålen;185.22Z_Bremnesv;;;;0.81;FALSE;;TRUE;282;Midt;;;;68.82591;15.37345;0;;
Gåsfjordvassdraget;185.23Z;8;Lofoten_og_Vesterålen;185.23Z_Gåsfjord;;;;0.12;FALSE;;TRUE;292;Midt;;;;68.79757;15.26796;0;;
Vikelva (Sortland);185.2Z;8;Lofoten_og_Vesterålen;185.2Z_Vikelva;15;11;19;0.67;FALSE;;TRUE;321;Midt;;;;68.75656;15.25092;0;;
Gryttingvassdraget;185.3Z;8;Lofoten_og_Vesterålen;185.3Z_Grytting;56;42;85;0.64;FALSE;;TRUE;290;Midt;;;;68.61091;15.1287;0;;
Indre Straumfjordvassdraget;185.43Z;8;Lofoten_og_Vesterålen;185.43Z_Indre St;21;16;31;0.36;FALSE;;TRUE;295;Midt;;;;68.6762;15.06549;0;;
Lahaugvassdraget;185.441Z;8;Lofoten_og_Vesterålen;185.441Z_Lahaugva;58;29;87;0.88;FALSE;;TRUE;301;Midt;;;;68.69528;15.17166;0;;
Oshaugvassdraget;185.44Z;8;Lofoten_og_Vesterålen;185.44Z_Oshaugva;48;36;72;0.35;FALSE;;TRUE;307;Midt;;;;68.69886;15.17633;0;;
Holmstadvassdraget;185.4Z;8;Lofoten_og_Vesterålen;185.4Z_Holmstad;116;87;175;0.65;FALSE;;TRUE;294;Midt;;;;68.71917;15.1547;0;;
Selnesvassdraget (Sortland);185.52Z;8;Lofoten_og_Vesterålen;185.52Z_Selnesva;41;31;62;0.21;FALSE;;TRUE;313;Midt;;;;68.75968;15.08317;0;;
Straumevassdraget;185.6Z;8;Lofoten_og_Vesterålen;185.6Z_Straumev;;;;0.38;FALSE;;TRUE;317;Midt;;;;68.68699;14.4646;0;;
Nykvågvassdraget;185.71Z;8;Lofoten_og_Vesterålen;185.71Z_Nykvågva;;;;0.6;FALSE;;TRUE;306;Midt;;;;68.77783;14.47512;0;;
Ryggedalsvassdraget;185.7Z;8;Lofoten_og_Vesterålen;185.7Z_Ryggedal;16;12;20;0.35;FALSE;;TRUE;312;Midt;;;;68.75295;14.72851;0;;
Nordsandvassdraget;185.81Z;8;Lofoten_og_Vesterålen;185.81Z_Nordsand;;;;0.58;FALSE;;TRUE;305;Midt;;;;68.92316;14.93701;0;;
Ramsåa (Gårdselva);186.1Z;8;Lofoten_og_Vesterålen;186.1Z_Ramsåa (;76;57;114;0.98;FALSE;;TRUE;309;Midt;;;;69.17518;16.09371;0;;
Åseelva;186.22Z;8;Lofoten_og_Vesterålen;AaseAndoy;156;117;195;0.56;TRUE;;TRUE;322;Midt;1;4;0;69.0118672;15.7705478;0;;
Roksdalsvassdraget;186.2Z;8;Lofoten_og_Vesterålen;Roksdal;1087;862;1312;0.71;TRUE;;TRUE;310;Midt;1;4;1;69.0493282;15.8695249;0;;
Kobbedalselva;186.3Z;8;Lofoten_og_Vesterålen;186.3Z_Kobbedal;76;57;95;0.57;FALSE;;TRUE;299;Midt;;;;69.00576;15.54587;0;;
Melavassdraget;186.51Z;8;Lofoten_og_Vesterålen;186.51Z_Melavass;47;35;70;0.75;FALSE;;TRUE;304;Midt;;;;69.13458;15.6721;0;;
Skogvollvassdraget;186.53Z;8;Lofoten_og_Vesterålen;186.53Z_Skogvoll;52;39;77;0.45;FALSE;;TRUE;314;Midt;;;;69.17915;15.81948;0;;
Stavevassdraget;186.61Z;8;Lofoten_og_Vesterålen;186.61Z_Stavevas;54;41;82;0.86;FALSE;;TRUE;315;Midt;;;;69.19537;15.83851;0;;
Bleiksvassdraget;186.62Z;8;Lofoten_og_Vesterålen;186.62Z_Bleiksva;13;9;16;0.68;FALSE;;TRUE;279;Midt;;;;69.26985;15.9311;0;;
Tennevikelva;189.2Z;37;Astafjorden_Salangen;189.2Z_Tennevik;;;;0.84;FALSE;Astafjorden/Salangen;FALSE;332;Midt;;;;68.64932;16.72032;0;;
Rensåvassdraget;189.3Z;37;Astafjorden_Salangen;Rensaa;199;149;299;0.9;TRUE;Astafjorden/Salangen;FALSE;327;Midt;1;4;1;68.6940087;16.9195816;0;;
Spansdalselva;190.7Z;37;Astafjorden_Salangen;190.7Z_Spansdal;241;120;361;1;FALSE;Astafjorden/Salangen;FALSE;330;Midt;;;;68.75569;17.8022;0;;
Løksebotnvassdraget;191.4Z;37;Astafjorden_Salangen;Loksebotn;61;31;92;0.75;TRUE;Astafjorden/Salangen;FALSE;326;Midt;2;4;1;68.93361;17.71604;0;;
Salangsvassdraget;191.Z;37;Astafjorden_Salangen;Salang;1741;870;2611;0.97;TRUE;Astafjorden/Salangen;FALSE;328;Midt;2;4;1;68.8662595;17.8520461;0;;
Brøstadelva;193.3Z;37;Astafjorden_Salangen;Brostadelva;85;43;128;0.79;TRUE;Astafjorden/Salangen;FALSE;323;Midt;1;4;1;69.0868;17.69517;0;;
Skøelva;193.Z;37;Astafjorden_Salangen;Skoelv;368;184;552;0.96;TRUE;Astafjorden/Salangen;FALSE;329;Midt;1.5;4;1;69.1318832;18.0527134;0;;
Lysbotnvassdraget;194.3Z;9;Kysten_av_Troms;Lysbotn;336;252;504;0.65;TRUE;;TRUE;358;Midt;1;4;1;69.4216256;17.9462375;0;;
Grasmyrvassdraget;194.4Z;37;Astafjorden_Salangen;Grasmyr;264;198;395;0.54;TRUE;Astafjorden/Salangen;FALSE;324;Midt;1.5;4;1;69.3010904;17.895351;0;;
Tennelvvassdraget;194.5Z;37;Astafjorden_Salangen;Tennelv;257;193;321;0.58;TRUE;Astafjorden/Salangen;FALSE;331;Midt;1;4;1;69.17757;17.5324;0;;
Vardnesvassdraget;194.61Z;37;Astafjorden_Salangen;194.61Z_Vardnesv;55;41;83;0.46;FALSE;Astafjorden/Salangen;FALSE;333;Midt;;;;69.2092;17.49867;0;;
Åndervassdraget;194.6Z;37;Astafjorden_Salangen;Aander;378;284;568;0.39;TRUE;Astafjorden/Salangen;FALSE;334;Midt;1.5;4;1;69.1659924;17.4089527;0;;
Å-vassdraget (Tranøy);194.81Z;9;Kysten_av_Troms;194.81Z_Å-vassdr;;;;0.6;FALSE;;TRUE;372;Midt;;;;69.07885;16.99989;0;;
Laukhellevassdraget;194.Z;37;Astafjorden_Salangen;Laukhelle;1055;791;1582;0.87;TRUE;Astafjorden/Salangen;FALSE;325;Midt;2;4;1;69.2274982;17.8493116;0;;
Bunkanvassdraget;195.1Z;9;Kysten_av_Troms;195.1Z_Bunkanva;24;18;30;0.55;FALSE;;TRUE;353;Midt;;;;69.14201;17.08344;0;;
Ballesvikvassdraget;195.51Z;9;Kysten_av_Troms;195.51Z_Ballesvi;;;;0.07;FALSE;;TRUE;350;Midt;;;;69.38352;17.11053;0;;
Finnsætervassdraget;195.52Z;9;Kysten_av_Troms;195.52Z_Finnsæte;;;;0.44;FALSE;;TRUE;354;Midt;;;;69.41197;17.2487;0;;
Rossfjordvassdraget;196.2Z;38;Malangen;Rossfjord;110;82;165;0.81;TRUE;Malangen/Målselv;FALSE;338;Midt;1.5;4;1;69.3633801;18.3141365;0;;
Mårelva (Aursfjorden);196.4Z;38;Malangen;Maarelva;27;20;41;0.51;TRUE;Malangen/Målselv;FALSE;337;Midt;1.5;4;1;69.25996;18.69208;0;;
Lakselva i Aursfjorden;196.5Z;38;Malangen;LakselvAursfjord;90;68;113;0.25;TRUE;Malangen/Målselv;FALSE;335;Midt;1.5;4;1;69.279782;18.7165381;0;;
Målselvvassdraget;196.Z;38;Malangen;Maalselv;5362;3275;8043;0.94;TRUE;Malangen/Målselv;FALSE;336;Midt;2;4;1;69.2724048;18.5125826;0;;
Straumselvvassdraget;197.4Z;9;Kysten_av_Troms;197.4Z_Straumse;141;70;211;0.59;FALSE;;TRUE;367;Midt;;;;69.57527;18.62584;0;;
Tromvikvassdraget;197.63Z;9;Kysten_av_Troms;197.63Z_Tromvikv;43;21;64;0.16;FALSE;;TRUE;369;Midt;;;;69.77394;18.40078;0;;
Tømmerelvvassdraget;198.42Z;39;Balsfjord;198.42Z_Tømmerel;;;;0.96;FALSE;Balsfjord;FALSE;341;Midt;;;;69.22706;19.30764;0;;
Laksvatnvassdraget;198.52Z;39;Balsfjord;198.52Z_Laksvatn;;;;0.18;FALSE;Balsfjord;FALSE;339;Midt;;;;69.37647;19.36987;0;;
Sørbotnelva;198.7Z;9;Kysten_av_Troms;198.7Z_Sørbotne;;;;0.93;FALSE;;TRUE;368;Midt;;;;69.51439;19.23628;0;;
Nordkjoselva;198.Z;39;Balsfjord;Nordkjos;259;129;388;0.97;TRUE;Balsfjord;FALSE;340;Midt;1.5;4;1;69.2160354;19.5388278;0;;
Tønsvikelva;199.2Z;9;Kysten_av_Troms;199.2Z_Tønsvike;178;89;267;0.48;FALSE;;TRUE;370;Nord;;;;69.7419;19.16666;0;;
Skittenelva;199.3Z;9;Kysten_av_Troms;199.3Z_Skittene;62;31;93;0.31;FALSE;;TRUE;365;Nord;;;;69.77659;19.38234;0;;
Ringvatnvassdraget;200.3Z;9;Kysten_av_Troms;200.3Z_Ringvatn;;;;0.31;FALSE;;TRUE;362;Nord;;;;69.80624;19.25864;0;;
Skogsfjordvassdraget;200.6Z;9;Kysten_av_Troms;Skogsfjord;120;90;150;0.76;TRUE;;TRUE;366;Nord;1;4;1;70.0080054;19.0648143;0;;
Skipsfjordvassdraget;202.11Z;9;Kysten_av_Troms;Skipsfjord;179;135;269;0.81;TRUE;;TRUE;364;Nord;1;4;1;70.1587906;19.7969185;0;;
Vannareidvassdraget;202.3Z;9;Kysten_av_Troms;202.3Z_Vannarei;62;47;94;0.61;FALSE;;TRUE;371;Nord;;;;70.20317;19.59865;0;;
Oldervikelva (Tromsø);203.1Z;9;Kysten_av_Troms;203.1Z_Oldervik;;;;0.59;FALSE;;TRUE;361;Nord;;;;69.75547;19.6712;0;;
Breivikvassdraget;203.2Z;9;Kysten_av_Troms;Breivik;290;145;435;0.91;TRUE;;TRUE;352;Nord;1.5;4;1;69.6681791;19.6487262;0;;
Jægervatnvassdraget;203.8Z;9;Kysten_av_Troms;203.8Z_Jægervat;81;61;122;0.94;FALSE;;TRUE;355;Nord;;;;69.73166;19.84809;0;;
Signaldalselva;204.Z;40;Lyngen_Reisa;Signaldal;655;328;983;0.96;TRUE;Lyngen/Reisafjorden;FALSE;346;Nord;2;4;0;69.26663;19.9253;0;;
Skibotnelva;205.Z;40;Lyngen_Reisa;Skibotn;1628;1221;2442;0.96;TRUE;Lyngen/Reisafjorden;FALSE;347;Nord;2;4;0;69.38399;20.26265;0;;
Manndalselva;206.1Z;40;Lyngen_Reisa;ManndalselvaKaafjord;183;92;275;0.97;TRUE;Lyngen/Reisafjorden;FALSE;343;Nord;2;4;1;69.54505;20.53205;0;;
Rotsundelva;206.5Z;9;Kysten_av_Troms;206.5Z_Rotsunde;128;64;192;0.87;FALSE;;TRUE;363;Nord;;;;69.79234;20.69397;0;;
Kåfjordelva;206.Z;40;Lyngen_Reisa;206.Z_Kåfjorde;;;;0.96;FALSE;Lyngen/Reisafjorden;FALSE;342;Nord;;;;69.49444;20.81118;0;;
Nord-Rekvikelva;207.4Z;9;Kysten_av_Troms;207.4Z_Nord-Rek;;;;1;FALSE;;TRUE;360;Nord;;;;70.23191;20.66262;0;;
Oksfjordvassdraget;208.4Z;40;Lyngen_Reisa;Oksfjord;248;142;372;0.97;TRUE;Lyngen/Reisafjorden;FALSE;344;Nord;1.5;4;1;69.905697;21.3198441;0;;
Reisavassdraget;208.Z;40;Lyngen_Reisa;Reisa;3652;1826;5477;0.98;TRUE;Lyngen/Reisafjorden;FALSE;345;Nord;2;4;1;69.7825512;21.0090387;0;;
Kvænangselva;209.Z;41;Kvænangen;Kvaenang;430;322;645;0.93;TRUE;Kvænangen;FALSE;349;Nord;1;4;1;69.7366018;22.1222252;0;;
Burfjordelva;210.Z;41;Kvænangen;BurfjordTilgjengeligDel;84;63;126;0.87;TRUE;Kvænangen;FALSE;348;Nord;1;4;0;69.9379574;22.0396924;0;;
Sør-Tverrfjordelva;211.32Z;10;Kysten_av_Finnmark;211.32Z_Sør-Tver;;;;0.09;FALSE;;TRUE;412;Nord;;;;70.2199;21.71605;0;;
Halselva;212.2Z;42;Fjordene_i_Vest-Finnmark;212.2Z_Halselva;181;90;271;0.84;FALSE;;FALSE;375;Nord;;;;70.03285;22.97379;0;;
Mathiselva;212.4Z;42;Fjordene_i_Vest-Finnmark;212.4Z_Mathisel;376;188;564;0.45;FALSE;;FALSE;380;Nord;;;;69.92548;23.0317;0;;
Tverrelva (Alta);212.6Z;42;Fjordene_i_Vest-Finnmark;212.6Z_Tverrelv;;;;0.5;FALSE;;FALSE;382;Nord;;;;69.96683;23.39239;0;;
Transfarelva;212.7Z;42;Fjordene_i_Vest-Finnmark;212.7Z_Transfar;;;;0.5;FALSE;;FALSE;381;Nord;;;;69.98285;23.4737;0;;
Altaelva;212.Z;42;Fjordene_i_Vest-Finnmark;Alta;12130;9098;15163;0.97;TRUE;;FALSE;374;Nord;3;4;1;69.9716877;23.3949597;0;;
Lakselv i Kviby;213.1Z;42;Fjordene_i_Vest-Finnmark;213.1Z_Lakselv;127;95;191;0.77;FALSE;;FALSE;379;Nord;;;;70.11978;23.38614;0;;
Skillefjordelva;213.2Z;42;Fjordene_i_Vest-Finnmark;213.2Z_Skillefj;;;;0.76;FALSE;;FALSE;378;Nord;;;;70.17877;23.37642;0;;
Kvalsundelva;213.6Z;42;Fjordene_i_Vest-Finnmark;Kvalsund;101;51;152;0.9;TRUE;;FALSE;377;Nord;1;4;1;70.50242;23.98193;0;;
Repparfjordelva;213.Z;42;Fjordene_i_Vest-Finnmark;Repparfjord;3301;1650;4951;0.73;TRUE;;FALSE;373;Nord;1.5;4;1;70.4481085;24.3250258;0;;
Russelva;218.Z;42;Fjordene_i_Vest-Finnmark;Russelv;241;120;361;0.62;TRUE;;FALSE;376;Nord;2;4;1;70.618911;24.6582394;0;;
Snefjordvassdraget;220.1Z;10;Kysten_av_Finnmark;220.1Z_Snefjord;;;;0.31;FALSE;;TRUE;411;Nord;;;;70.78862;24.6064;0;;
Hamneelva;220.5Z;10;Kysten_av_Finnmark;220.5Z_Hamneelv;;;;0.24;FALSE;;TRUE;410;Nord;;;;70.87231;24.94333;0;;
Ytre Billefjordelv;222.7Z;43;Porsangerfjorden;222.7Z_Ytre Bil;604;453;906;0.66;FALSE;;FALSE;386;Nord;;;;70.34926;25.0491;0;;
Stabburselv;223.Z;43;Porsangerfjorden;Stabbur;1616;1212;2424;0.94;TRUE;;FALSE;385;Nord;1.5;4;1;70.1844842;24.9300609;0;;
Lakselv;224.Z;43;Porsangerfjorden;LakselvPorsanger;3424;2568;5137;0.99;TRUE;;FALSE;384;Nord;3;4;1;70.0795009;24.9267312;0;;
Børselv;225.Z;43;Porsangerfjorden;Borselva;2749;1374;4123;0.88;TRUE;;FALSE;383;Nord;1.5;4;1;70.3110106;25.5115379;0;;
Tømmervikvassdraget;227.2Z;10;Kysten_av_Finnmark;227.2Z_Tømmervi;;;;0.65;FALSE;;TRUE;409;Nord;;;;70.8332;26.65213;0;;
Lille Porsangerelva;227.5Z;10;Kysten_av_Finnmark;LillePorsanger;104;78;155;0.63;TRUE;;TRUE;408;Nord;1;4;1;70.6505314;26.3114495;0;;
Veidneselva;227.6Z;10;Kysten_av_Finnmark;Veidnes;362;181;543;0.9;TRUE;;TRUE;407;Nord;1.5;4;1;70.6606581;26.6032608;0;;
Storelva;228.Z;10;Kysten_av_Finnmark;StorelvaLaksefjord;1241;620;1861;0.97;TRUE;;TRUE;406;Nord;1.5;4;1;70.3576412;26.4791108;0;;
Futelva (Gamvik);231.64Z;10;Kysten_av_Finnmark;231.64Z_Futelva;69;34;103;0.55;FALSE;;TRUE;405;Nord;;;;71.06425;28.00742;0;;
Sandfjordelva (Gamvik);231.7Z;10;Kysten_av_Finnmark;Sandfjord;426;213;639;0.73;TRUE;;TRUE;404;Nord;1;4;1;71.0498646;28.0591351;0;;
Risfjordvassdraget;231.8Z;10;Kysten_av_Finnmark;Risfjord;204;153;306;0.8;TRUE;;TRUE;403;Nord;1.5;4;1;70.9804383;28.1692447;0;;
Langfjordelva;233.Z;44;Tanafjorden;Langfjord;2142;1606;3213;0.88;TRUE;;FALSE;388;Nord;2;4;1;70.6220242;27.6413333;0;;
Tana;234.Z;44;Tanafjorden;TanaTotal2;52312;38510;78070;0.91;TRUE;;FALSE;387;Nord;2;4;1;70.5216231;28.3678262;0;;
Maskejohka;234.ZM;44;Tanafjorden;Maskejohka;1521;1100;2000;0.9;TRUE;;FALSE;387;Nord;2;4;0;70.5216231;28.3678262;1;234.Z;0.029075547
Laksjohka;234.ZL;44;Tanafjorden;Laksjohka;1165;864;1747;0.8;TRUE;;FALSE;387;Nord;1.5;4;0;70.5216231;28.3678262;1;234.Z;0.022270225
Valljohka;234.ZV;44;Tanafjorden;ValljohkaJuks;779;508;1168;0.8;TRUE;;FALSE;387;Nord;1.5;4;0;70.5216231;28.3678262;1;234.Z;0.014891421
Iesjohka;234.ZI;44;Tanafjorden;Iesjohka;6072;4278;9107;0.95;TRUE;;FALSE;387;Nord;3;4;0;70.5216231;28.3678262;1;234.Z;0.116072794
Karasjohka;234.ZK;44;Tanafjorden;Karasjoka;7290;5468;10936;0.95;TRUE;;FALSE;387;Nord;3;4;0;70.5216231;28.3678262;1;234.Z;0.139356171
Stordalselva;235.Z;10;Kysten_av_Finnmark;235.Z_Stordals;;;;0.8;FALSE;;TRUE;402;Nord;;;;70.85466;29.09943;0;;
Kongsfjordelva;236.Z;10;Kysten_av_Finnmark;Kongsfjord;1102;826;1653;0.84;TRUE;;TRUE;402;Nord;1.5;4;1;70.6577773;29.2578835;0;;
Syltefjordelva;237.Z;10;Kysten_av_Finnmark;Syltefjord;1356;678;2034;0.78;TRUE;;TRUE;401;Nord;1.5;4;1;70.531026;30.0123684;0;;
Sandfjordelva (Båtsfjord);238.Z;10;Kysten_av_Finnmark;238.Z_Sandfjor;;;;0.89;FALSE;;TRUE;400;Nord;;;;70.51432;30.57965;0;;
Skallelv;239.3Z;10;Kysten_av_Finnmark;Skalle;570;285;856;0.88;TRUE;;TRUE;398;Nord;2;4;1;70.1854177;30.339391;0;;
Komagelv;239.Z;10;Kysten_av_Finnmark;Komag;2151;1613;3227;0.9;TRUE;;TRUE;399;Nord;1.5;4;1;70.2411056;30.5242865;0;;
Vestre Jakobselv;240.Z;10;Kysten_av_Finnmark;VestreJakobselv;1919;960;2879;0.88;TRUE;;TRUE;397;Nord;2;4;1;70.1166286;29.3158152;0;;
Vesterelva;241.5Z;10;Kysten_av_Finnmark;VesterelvaNesseby;281;141;422;0.83;TRUE;;TRUE;394;Nord;1;4;1;70.1585442;28.5774448;0;;
Bergebyelva;241.Z;10;Kysten_av_Finnmark;Bergeby;459;229;688;0.84;TRUE;;TRUE;395;Nord;1.5;4;1;70.1485916;28.8986541;0;;
Klokkerelva;243.Z;45;Køfjord_Bøkfjord_Jarfjord;Klokkerelv;143;107;214;0.58;TRUE;Køfjord/Bøkfjord/Jarfjord;FALSE;393;Nord;1;4;1;69.8580396;29.3871832;0;;
Munkelva;244.4Z;45;Køfjord_Bøkfjord_Jarfjord;Munkelva;199;100;299;0.73;TRUE;Køfjord/Bøkfjord/Jarfjord;FALSE;391;Nord;1;4;1;69.6493272;29.4608602;0;;
Neiden;244.Z;45;Køfjord_Bøkfjord_Jarfjord;NeidenTotaltNy;4695;3440;6758;0.9;TRUE;Køfjord/Bøkfjord/Jarfjord;FALSE;392;Nord;2;4;1;69.7018847;29.5374221;0;;
Sandneselva;246.1Z;45;Køfjord_Bøkfjord_Jarfjord;Sandnes;196;98;295;0.85;TRUE;Køfjord/Bøkfjord/Jarfjord;FALSE;390;Nord;1;4;1;69.66912;29.912;0;;
Karpelva;247.3Z;45;Køfjord_Bøkfjord_Jarfjord;Karpe;207;103;310;0.87;TRUE;Køfjord/Bøkfjord/Jarfjord;FALSE;389;Nord;1;4;1;69.67034;30.39277;0;;
Grense Jakobselv;247.Z;10;Kysten_av_Finnmark;GrenseJakob;621;466;932;0.84;TRUE;;TRUE;396;Nord;1.5;4;1;69.7763781;30.8400926;0;;
