Kommune;Østlandet;Agderkysten;Jæren;Kysten_fra_Stadt_til_Stavanger;Kysten_av_Møre_og_Romsdal;Kysten_av_Trøndelag;Nordlandskysten_sør_for_Vestfjorden;Lofoten_og_Vesterålen;Kysten_av_Troms;Kysten_av_Finnmark;Indre_Rogaland;Indre_Hordaland;Sognefjorden;Indre_Fjordane;Fjordene_i_Møre_og_Romsdal;Fjordstrøk_i_Trøndelag;Indre_Helgeland;Ofoten_og_Indre_Salten;Fjordstrøkene_i_Troms;Fjordene_i_Vest-Finnmark;Porsangerfjorden;Tanafjorden;Indre_Varanger
0101 Halden (-2019);1;;;;;;;;;;;;;;;;;;;;;;
0102 Sarpsborg (-1991);1;;;;;;;;;;;;;;;;;;;;;;
0103 Fredrikstad (-1993);1;;;;;;;;;;;;;;;;;;;;;;
0104 Moss (-2019);1;;;;;;;;;;;;;;;;;;;;;;
0105 Sarpsborg (1992-2019);1;;;;;;;;;;;;;;;;;;;;;;
0106 Fredrikstad (1994-2019);1;;;;;;;;;;;;;;;;;;;;;;
0111 Hvaler (-2019);1;;;;;;;;;;;;;;;;;;;;;;
0113 Borge (-1993);1;;;;;;;;;;;;;;;;;;;;;;
0114 Varteig (-1991);1;;;;;;;;;;;;;;;;;;;;;;
0115 Skjeberg (-1991);1;;;;;;;;;;;;;;;;;;;;;;
0116 Berg  (-1966);1;;;;;;;;;;;;;;;;;;;;;;
0117 Idd (-1966);1;;;;;;;;;;;;;;;;;;;;;;
0118 Aremark (-2019);1;;;;;;;;;;;;;;;;;;;;;;
0119 Marker (-2019);1;;;;;;;;;;;;;;;;;;;;;;
0121 Rømskog (-2019);1;;;;;;;;;;;;;;;;;;;;;;
0122 Trøgstad (-2019);1;;;;;;;;;;;;;;;;;;;;;;
0123 Spydeberg (-2019);1;;;;;;;;;;;;;;;;;;;;;;
0124 Askim (-2019);1;;;;;;;;;;;;;;;;;;;;;;
0125 Eidsberg (-2019);1;;;;;;;;;;;;;;;;;;;;;;
0127 Skiptvet (-2019);1;;;;;;;;;;;;;;;;;;;;;;
0128 Rakkestad (-2019);1;;;;;;;;;;;;;;;;;;;;;;
0130 Tune (-1991);1;;;;;;;;;;;;;;;;;;;;;;
0131 Rolvsøy (1911-1993);1;;;;;;;;;;;;;;;;;;;;;;
0133 Kråkerøy (1908-1993);1;;;;;;;;;;;;;;;;;;;;;;
0134 Onsøy (-1993);1;;;;;;;;;;;;;;;;;;;;;;
0135 Råde (-2019);1;;;;;;;;;;;;;;;;;;;;;;
0136 Rygge (-2019);1;;;;;;;;;;;;;;;;;;;;;;
0137 Våler (Østfold) (-2019);1;;;;;;;;;;;;;;;;;;;;;;
0138 Hobøl (-2019);1;;;;;;;;;;;;;;;;;;;;;;
0199 Uoppgitt kommune Østfold;1;;;;;;;;;;;;;;;;;;;;;;
0601 Ringerike (1964-1976);1;;;;;;;;;;;;;;;;;;;;;;
0602 Drammen (-2019);1;;;;;;;;;;;;;;;;;;;;;;
0604 Kongsberg (-2019);1;;;;;;;;;;;;;;;;;;;;;;
0605 Ringerike (1977-2019);1;;;;;;;;;;;;;;;;;;;;;;
0612 Hole (1977-2019);1;;;;;;;;;;;;;;;;;;;;;;
0615 Flå (-2019);1;;;;;;;;;;;;;;;;;;;;;;
0616 Nes (Buskerud) (-2019);1;;;;;;;;;;;;;;;;;;;;;;
0617 Gol (-2019);1;;;;;;;;;;;;;;;;;;;;;;
0618 Hemsedal (-2019);1;;;;;;;;;;;;;;;;;;;;;;
0619 Ål (-2019);1;;;;;;;;;;;;;;;;;;;;;;
0620 Hol (-2019);1;;;;;;;;;;;;;;;;;;;;;;
0621 Sigdal (-2019);1;;;;;;;;;;;;;;;;;;;;;;
0622 Krødsherad (-2019);1;;;;;;;;;;;;;;;;;;;;;;
0623 Modum (-2019);1;;;;;;;;;;;;;;;;;;;;;;
0624 Øvre Eiker (-2019);1;;;;;;;;;;;;;;;;;;;;;;
0625 Nedre Eiker (-2019);1;;;;;;;;;;;;;;;;;;;;;;
0626 Lier (-2019);1;;;;;;;;;;;;;;;;;;;;;;
0627 Røyken (-2019);1;;;;;;;;;;;;;;;;;;;;;;
0628 Hurum (-2019);1;;;;;;;;;;;;;;;;;;;;;;
0631 Flesberg (-2019);1;;;;;;;;;;;;;;;;;;;;;;
0632 Rollag (-2019);1;;;;;;;;;;;;;;;;;;;;;;
0633 Nore og Uvdal (-2019);1;;;;;;;;;;;;;;;;;;;;;;
0699 Uoppgitt kommune Buskerud;1;;;;;;;;;;;;;;;;;;;;;;
0701 Horten (2002-2019);1;;;;;;;;;;;;;;;;;;;;;;
0702 Holmestrand (-2017);1;;;;;;;;;;;;;;;;;;;;;;
0703 Horten (-1987);1;;;;;;;;;;;;;;;;;;;;;;
0704 Tønsberg (1988-2019);1;;;;;;;;;;;;;;;;;;;;;;
0705 Tønsberg (-1987);1;;;;;;;;;;;;;;;;;;;;;;
0706 Sandefjord (-2016);1;;;;;;;;;;;;;;;;;;;;;;
0707 Larvik (-1987);1;;;;;;;;;;;;;;;;;;;;;;
0708 Stavern (1944-1987);1;;;;;;;;;;;;;;;;;;;;;;
0709 Larvik (1988-2017);1;;;;;;;;;;;;;;;;;;;;;;
0710 Sandefjord (2017-2019);1;;;;;;;;;;;;;;;;;;;;;;
0711 Svelvik (-2019);1;;;;;;;;;;;;;;;;;;;;;;
0712 Larvik (2018-2019);1;;;;;;;;;;;;;;;;;;;;;;
0713 Sande (Vestfold) (-2019);1;;;;;;;;;;;;;;;;;;;;;;
0714 Hof (-2017);1;;;;;;;;;;;;;;;;;;;;;;
0715 Holmestrand (2018-2019);1;;;;;;;;;;;;;;;;;;;;;;
0716 Re (2002-2019);1;;;;;;;;;;;;;;;;;;;;;;
0717 Borre (-1987);1;;;;;;;;;;;;;;;;;;;;;;
0718 Ramnes (-2001);1;;;;;;;;;;;;;;;;;;;;;;
0719 Andebu (-2016);1;;;;;;;;;;;;;;;;;;;;;;
0720 Stokke (-2016);1;;;;;;;;;;;;;;;;;;;;;;
0721 Sem (-1987);1;;;;;;;;;;;;;;;;;;;;;;
0722 Nøtterøy (-2017);1;;;;;;;;;;;;;;;;;;;;;;
0723 Tjøme (-2017);1;;;;;;;;;;;;;;;;;;;;;;
0724 Sandar (-1967);1;;;;;;;;;;;;;;;;;;;;;;
0725 Tjølling (-1987);1;;;;;;;;;;;;;;;;;;;;;;
0726 Brunlanes (-1987);1;;;;;;;;;;;;;;;;;;;;;;
0727 Hedrum (-1987);1;;;;;;;;;;;;;;;;;;;;;;
0728 Lardal (-2017);1;;;;;;;;;;;;;;;;;;;;;;
0729 Færder (2018-2019);1;;;;;;;;;;;;;;;;;;;;;;
0799 Uoppgitt kommune Vestfold;1;;;;;;;;;;;;;;;;;;;;;;
0805 Porsgrunn (-2019);1;;;;;;;;;;;;;;;;;;;;;;
0806 Skien (-2019);1;;;;;;;;;;;;;;;;;;;;;;
0807 Notodden (-2019);1;;;;;;;;;;;;;;;;;;;;;;
0811 Siljan (-2019);1;;;;;;;;;;;;;;;;;;;;;;
0814 Bamble (-2019);1;;;;;;;;;;;;;;;;;;;;;;
0815 Kragerø (-2019);1;;;;;;;;;;;;;;;;;;;;;;
0817 Drangedal (-2019);1;;;;;;;;;;;;;;;;;;;;;;
0819 Nome (-2019);1;;;;;;;;;;;;;;;;;;;;;;
0821 Bø (Telemark) (-2019);1;;;;;;;;;;;;;;;;;;;;;;
0822 Sauherad (-2019);1;;;;;;;;;;;;;;;;;;;;;;
0826 Tinn (-2019);1;;;;;;;;;;;;;;;;;;;;;;
0827 Hjartdal (-2019);1;;;;;;;;;;;;;;;;;;;;;;
0828 Seljord (-2019);1;;;;;;;;;;;;;;;;;;;;;;
0829 Kviteseid (-2019);1;;;;;;;;;;;;;;;;;;;;;;
0830 Nissedal (-2019);1;;;;;;;;;;;;;;;;;;;;;;
0831 Fyresdal (-2019);1;;;;;;;;;;;;;;;;;;;;;;
0833 Tokke (-2019);1;;;;;;;;;;;;;;;;;;;;;;
0834 Vinje (-2019);1;;;;;;;;;;;;;;;;;;;;;;
0899 Uoppgitt kommune Telemark;1;;;;;;;;;;;;;;;;;;;;;;
0901 Risør (-2019);;1;;;;;;;;;;;;;;;;;;;;;
0903 Arendal (-1991);;1;;;;;;;;;;;;;;;;;;;;;
0904 Grimstad (-2019);;1;;;;;;;;;;;;;;;;;;;;;
0906 Arendal (1992-2019);;1;;;;;;;;;;;;;;;;;;;;;
0911 Gjerstad (-2019);;1;;;;;;;;;;;;;;;;;;;;;
0912 Vegårshei (-2019);;1;;;;;;;;;;;;;;;;;;;;;
0914 Tvedestrand (-2019);;1;;;;;;;;;;;;;;;;;;;;;
0918 Moland (1962-1991);;1;;;;;;;;;;;;;;;;;;;;;
0919 Froland (-2019);;1;;;;;;;;;;;;;;;;;;;;;
0920 Øyestad (-1991);;1;;;;;;;;;;;;;;;;;;;;;
0921 Tromøy (-1991);;1;;;;;;;;;;;;;;;;;;;;;
0922 Hisøy (-1991);;1;;;;;;;;;;;;;;;;;;;;;
0923 Fjære (-1970);;1;;;;;;;;;;;;;;;;;;;;;
0924 Landvik (-1970);;1;;;;;;;;;;;;;;;;;;;;;
0926 Lillesand (-2019);;1;;;;;;;;;;;;;;;;;;;;;
0928 Birkenes (-2019);;1;;;;;;;;;;;;;;;;;;;;;
0929 Åmli (-2019);;1;;;;;;;;;;;;;;;;;;;;;
0932 Mykland (-1966);;1;;;;;;;;;;;;;;;;;;;;;
0933 Herefoss (-1966);;1;;;;;;;;;;;;;;;;;;;;;
0935 Iveland (-2019);;1;;;;;;;;;;;;;;;;;;;;;
0937 Evje og Hornnes (-2019);;1;;;;;;;;;;;;;;;;;;;;;
0938 Bygland (-2019);;1;;;;;;;;;;;;;;;;;;;;;
0940 Valle (-2019);;1;;;;;;;;;;;;;;;;;;;;;
0941 Bykle (-2019);;1;;;;;;;;;;;;;;;;;;;;;
0999 Uoppgitt kommune Aust-Agder;;1;;;;;;;;;;;;;;;;;;;;;
1001 Kristiansand (-2019);;1;;;;;;;;;;;;;;;;;;;;;
1002 Mandal (-2019);;1;;;;;;;;;;;;;;;;;;;;;
1003 Farsund (-2019);;1;;;;;;;;;;;;;;;;;;;;;
1004 Flekkefjord (-2019);;1;;;;;;;;;;;;;;;;;;;;;
1014 Vennesla (-2019);;1;;;;;;;;;;;;;;;;;;;;;
1017 Songdalen (-2019);;1;;;;;;;;;;;;;;;;;;;;;
1018 Søgne (-2019);;1;;;;;;;;;;;;;;;;;;;;;
1021 Marnardal (-2019);;1;;;;;;;;;;;;;;;;;;;;;
1026 Åseral (-2019);;1;;;;;;;;;;;;;;;;;;;;;
1027 Audnedal (-2019);;1;;;;;;;;;;;;;;;;;;;;;
1029 Lindesnes (-2019);;1;;;;;;;;;;;;;;;;;;;;;
1032 Lyngdal (-2019);;1;;;;;;;;;;;;;;;;;;;;;
1034 Hægebostad (-2019);;1;;;;;;;;;;;;;;;;;;;;;
1037 Kvinesdal (-2019);;1;;;;;;;;;;;;;;;;;;;;;
1046 Sirdal (-2019);;1;;;;;;;;;;;;;;;;;;;;;
1099 Uoppgitt kommune Vest-Agder;;1;;;;;;;;;;;;;;;;;;;;;
1101 Eigersund;;;1;;;;;;;;;;;;;;;;;;;;
1102 Sandnes (-2019);;;;;;;;;;;1;;;;;;;;;;;;
1103 Stavanger;;;;;;;;;;;1;;;;;;;;;;;;
1106 Haugesund;;;;1;;;;;;;;;;;;;;;;;;;
1108 Sandnes;;;;;;;;;;;1;;;;;;;;;;;;
1111 Sokndal;;;1;;;;;;;;;;;;;;;;;;;;
1112 Lund;;;;;;;;;;;;;;;;;;;;;;;
1114 Bjerkreim;;;;;;;;;;;;;;;;;;;;;;;
1119 Hå;;;1;;;;;;;;;;;;;;;;;;;;
1120 Klepp;;;1;;;;;;;;;;;;;;;;;;;;
1121 Time;;;1;;;;;;;;;;;;;;;;;;;;
1122 Gjesdal;;;;;;;;;;;1;;;;;;;;;;;;
1124 Sola;;;1;;;;;;;;;;;;;;;;;;;;
1127 Randaberg;;;;1;;;;;;;;;;;;;;;;;;;
1129 Forsand (-2019);;;;;;;;;;;1;;;;;;;;;;;;
1130 Strand;;;;;;;;;;;1;;;;;;;;;;;;
1133 Hjelmeland;;;;;;;;;;;1;;;;;;;;;;;;
1134 Suldal;;;;;;;;;;;1;;;;;;;;;;;;
1135 Sauda;;;;;;;;;;;1;;;;;;;;;;;;
1141 Finnøy (-2019);;;;;;;;;;;1;;;;;;;;;;;;
1142 Rennesøy (-2019);;;;0.5;;;;;;;0.5;;;;;;;;;;;;
1144 Kvitsøy;;;;1;;;;;;;;;;;;;;;;;;;
1145 Bokn;;;;0.5;;;;;;;0.5;;;;;;;;;;;;
1146 Tysvær;;;;0.5;;;;;;;0.5;;;;;;;;;;;;
1149 Karmøy;;;;1;;;;;;;;;;;;;;;;;;;
1151 Utsira;;;;1;;;;;;;;;;;;;;;;;;;
1154 Vindafjord (1965-2005);;;;;;;;;;;1;;;;;;;;;;;;
1159 Ølen (2002-2005);;;;;;;;;;;1;;;;;;;;;;;;
1160 Vindafjord;;;;;;;;;;;1;;;;;;;;;;;;
1199 Uoppgitt kommune Rogaland;;;;;;;;;;;;;;;;;;;;;;;
1201 Bergen (-2019);;;;0.5;;;;;;;;0.5;;;;;;;;;;;
1211 Etne (-2019);;;;;;;;;;;;1;;;;;;;;;;;
1214 Ølen (-2001);;;;;;;;;;;1;;;;;;;;;;;;
1216 Sveio (-2019);;;;0.5;;;;;;;;0.5;;;;;;;;;;;
1219 Bømlo (-2019);;;;1;;;;;;;;;;;;;;;;;;;
1221 Stord (-2019);;;;0.5;;;;;;;;0.5;;;;;;;;;;;
1222 Fitjar (-2019);;;;0.5;;;;;;;;0.5;;;;;;;;;;;
1223 Tysnes (-2019);;;;;;;;;;;;1;;;;;;;;;;;
1224 Kvinnherad (-2019);;;;;;;;;;;;1;;;;;;;;;;;
1227 Jondal (-2019);;;;;;;;;;;;1;;;;;;;;;;;
1228 Odda (-2019);;;;;;;;;;;;1;;;;;;;;;;;
1230 Ullensvang (-1976);;;;;;;;;;;;1;;;;;;;;;;;
1231 Ullensvang (1977-2019);;;;;;;;;;;;1;;;;;;;;;;;
1232 Eidfjord (-2019);;;;;;;;;;;;1;;;;;;;;;;;
1233 Ulvik (-2019);;;;;;;;;;;;1;;;;;;;;;;;
1234 Granvin (-2019);;;;;;;;;;;;1;;;;;;;;;;;
1235 Voss (-2019);;;;;;;;;;;;;;;;;;;;;;;
1238 Kvam (-2019);;;;;;;;;;;;1;;;;;;;;;;;
1241 Fusa (-2019);;;;;;;;;;;;1;;;;;;;;;;;
1242 Samnanger (-2019);;;;;;;;;;;;1;;;;;;;;;;;
1243 Os (Hordaland) (-2019);;;;0.5;;;;;;;;0.5;;;;;;;;;;;
1244 Austevoll (-2019);;;;1;;;;;;;;;;;;;;;;;;;
1245 Sund (-2019);;;;1;;;;;;;;;;;;;;;;;;;
1246 Fjell (-2019);;;;1;;;;;;;;;;;;;;;;;;;
1247 Askøy (-2019);;;;0.5;;;;;;;;0.5;;;;;;;;;;;
1248 Laksevåg (1918-1971);;;;;;;;;;;;;;;;;;;;;;;
1249 Fana (-1971);;;;;;;;;;;;;;;;;;;;;;;
1250 Arna (1964-1971);;;;;;;;;;;;;;;;;;;;;;;
1251 Vaksdal (-2019);;;;;;;;;;;;1;;;;;;;;;;;
1252 Modalen (-2019);;;;;;;;;;;;1;;;;;;;;;;;
1253 Osterøy (-2019);;;;;;;;;;;;1;;;;;;;;;;;
1255 Åsane (-1971);;;;;;;;;;;;;;;;;;;;;;;
1256 Meland (-2019);;;;;;;;;;;;1;;;;;;;;;;;
1259 Øygarden (-2019);;;;1;;;;;;;;;;;;;;;;;;;
1260 Radøy (-2019);;;;0.5;;;;;;;;0.5;;;;;;;;;;;
1263 Lindås (-2019);;;;;;;;;;;;1;;;;;;;;;;;
1264 Austrheim (-2019);;;;1;;;;;;;;;;;;;;;;;;;
1265 Fedje (-2019);;;;1;;;;;;;;;;;;;;;;;;;
1266 Masfjorden (-2019);;;;;;;;;;;;1;;;;;;;;;;;
1299 Uoppgitt kommune Hordaland;;;;;;;;;;;;;;;;;;;;;;;
1401 Flora (-2019);;;;1;;;;;;;;;;;;;;;;;;;
1411 Gulen (-2019);;;;0.5;;;;;;;;;0.5;;;;;;;;;;
1412 Solund (-2019);;;;1;;;;;;;;;;;;;;;;;;;
1413 Hyllestad (-2019);;;;0.5;;;;;;;;;0.5;;;;;;;;;;
1416 Høyanger (-2019);;;;;;;;;;;;;1;;;;;;;;;;
1417 Vik (-2019);;;;;;;;;;;;;1;;;;;;;;;;
1418 Balestrand (-2019);;;;;;;;;;;;;1;;;;;;;;;;
1419 Leikanger (-2019);;;;;;;;;;;;;1;;;;;;;;;;
1420 Sogndal (-2019);;;;;;;;;;;;;1;;;;;;;;;;
1421 Aurland (-2019);;;;;;;;;;;;;1;;;;;;;;;;
1422 Lærdal (-2019);;;;;;;;;;;;;1;;;;;;;;;;
1424 Årdal (-2019);;;;;;;;;;;;;1;;;;;;;;;;
1426 Luster (-2019);;;;;;;;;;;;;1;;;;;;;;;;
1428 Askvoll (-2019);;;;0.5;;;;;;;;;;0.5;;;;;;;;;
1429 Fjaler (-2019);;;;0.5;;;;;;;;;;0.5;;;;;;;;;
1430 Gaular (-2019);;;;;;;;;;;;;;1;;;;;;;;;
1431 Jølster (-2019);;;;;;;;;;;;;;;;;;;;;;;
1432 Førde (-2019);;;;;;;;;;;;;;1;;;;;;;;;
1433 Naustdal (-2019);;;;;;;;;;;;;;1;;;;;;;;;
1438 Bremanger (-2019);;;;0.5;;;;;;;;;;0.5;;;;;;;;;
1439 Vågsøy (-2019);;;;0.5;;;;;;;;;;0.5;;;;;;;;;
1441 Selje (-2019);;;;0.5;;;;;;;;;;0.5;;;;;;;;;
1443 Eid (-2019);;;;;;;;;;;;;;1;;;;;;;;;
1444 Hornindal (-2019);;;;;;;;;;;;;;;;;;;;;;;
1445 Gloppen (-2019);;;;;;;;;;;;;;1;;;;;;;;;
1448 Stryn (-1976);;;;;;;;;;;;;;1;;;;;;;;;
1449 Stryn (1977-2019);;;;;;;;;;;;;;1;;;;;;;;;
1499 Uoppgitt kommune Sogn og Fjordane;;;;;;;;;;;;;;;;;;;;;;;
1501 Ålesund (-1976);;;;;;;;;;;;;;;1;;;;;;;;
1502 Molde (-2019);;;;;;;;;;;;;;;1;;;;;;;;
1503 Kristiansund  (-2007);;;;;1;;;;;;;;;;;;;;;;;;
1504 Ålesund (1977-2019);;;;;;;;;;;;;;;1;;;;;;;;
1505 Kristiansund;;;;;1;;;;;;;;;;;;;;;;;;
1506 Molde;;;;;;;;;;;;;;;1;;;;;;;;
1507 Ålesund;;;;;;;;;;;;;;;1;;;;;;;;
1511 Vanylven;;;;;;;;;;;;;;;1;;;;;;;;
1514 Sande (Møre og Romsdal);;;;;0.5;;;;;;;;;;0.5;;;;;;;;
1515 Herøy (Møre og Romsdal);;;;;0.5;;;;;;;;;;0.5;;;;;;;;
1516 Ulstein;;;;;0.5;;;;;;;;;;0.5;;;;;;;;
1517 Hareid;;;;;;;;;;;;;;;1;;;;;;;;
1519 Volda (-2019);;;;;;;;;;;;;;;1;;;;;;;;
1520 Ørsta;;;;;;;;;;;;;;;1;;;;;;;;
1523 Ørskog (1977-2019);;;;;;;;;;;;;;;1;;;;;;;;
1524 Norddal (-2019);;;;;;;;;;;;;;;1;;;;;;;;
1525 Stranda;;;;;;;;;;;;;;;1;;;;;;;;
1526 Stordal (-2019);;;;;;;;;;;;;;;1;;;;;;;;
1527 Ørskog (-1976);;;;;;;;;;;;;;;1;;;;;;;;
1528 Sykkylven;;;;;;;;;;;;;;;1;;;;;;;;
1529 Skodje (-2019);;;;;;;;;;;;;;;1;;;;;;;;
1531 Sula;;;;;;;;;;;;;;;1;;;;;;;;
1532 Giske;;;;;1;;;;;;;;;;;;;;;;;;
1534 Haram (-2019);;;;;0.5;;;;;;;;;;0.5;;;;;;;;
1535 Vestnes;;;;;;;;;;;;;;;1;;;;;;;;
1539 Rauma;;;;;;;;;;;;;;;1;;;;;;;;
1543 Nesset (-2019);;;;;;;;;;;;;;;1;;;;;;;;
1545 Midsund (-2019);;;;;0.5;;;;;;;;;;0.5;;;;;;;;
1546 Sandøy (-2019);;;;;1;;;;;;;;;;;;;;;;;;
1547 Aukra;;;;;1;;;;;;;;;;;;;;;;;;
1548 Fræna (-2019);;;;;1;;;;;;;;;;;;;;;;;;
1551 Eide (-2019);;;;;0.5;;;;;;;;;;0.5;;;;;;;;
1554 Averøy;;;;;0.5;;;;;;;;;;0.5;;;;;;;;
1556 Frei (-2007);;;;;;;;;;;;;;;1;;;;;;;;
1557 Gjemnes;;;;;;;;;;;;;;;1;;;;;;;;
1560 Tingvoll;;;;;;;;;;;;;;;1;;;;;;;;
1563 Sunndal;;;;;;;;;;;;;;;1;;;;;;;;
1566 Surnadal;;;;;;;;;;;;;;;1;;;;;;;;
1567 Rindal (-2018);;;;;;;;;;;;;;;;;;;;;;;
1569 Aure (-2005);;;;;0.5;;;;;;;;;;0.5;;;;;;;;
1571 Halsa (-2019);;;;;;;;;;;;;;;1;;;;;;;;
1572 Tustna (-2005);;;;;0.5;;;;;;;;;;0.5;;;;;;;;
1573 Smøla;;;;;1;;;;;;;;;;;;;;;;;;
1576 Aure;;;;;0.5;;;;;;;;;;0.5;;;;;;;;
1577 Volda;;;;;;;;;;;;;;;;;;;;;;;
1578 Fjord;;;;;;;;;;;;;;;;;;;;;;;
1579 Hustadvika;;;;;;;;;;;;;;;;;;;;;;;
1599 Uoppgitt kommune Møre og Romsdal;;;;;;;;;;;;;;;;;;;;;;;
1601 Trondheim (-2017);;;;;;;;;;;;;;;;1;;;;;;;
1612 Hemne (-2017);;;;;;0.5;;;;;;;;;;0.5;;;;;;;
1613 Snillfjord (-2017);;;;;;0.5;;;;;;;;;;0.5;;;;;;;
1617 Hitra (-2017);;;;;;1;;;;;;;;;;;;;;;;;
1620 Frøya (-2017);;;;;;1;;;;;;;;;;;;;;;;;
1621 Ørland (-2017);;;;;;0.5;;;;;;;;;;0.5;;;;;;;
1622 Agdenes (-2017);;;;;;0.5;;;;;;;;;;0.5;;;;;;;
1624 Rissa (-2017);;;;;;;;;;;;;;;;1;;;;;;;
1627 Bjugn (-2017);;;;;;0.5;;;;;;;;;;0.5;;;;;;;
1630 Åfjord (-2017);;;;;;0.5;;;;;;;;;;0.5;;;;;;;
1632 Roan (-2017);;;;;;1;;;;;;;;;;;;;;;;;
1633 Osen (-2017);;;;;;1;;;;;;;;;;;;;;;;;
1634 Oppdal (-2017);;;;;;;;;;;;;;;;;;;;;;;
1635 Rennebu (-2017);;;;;;;;;;;;;;;;;;;;;;;
1636 Meldal (-2017);;;;;;;;;;;;;;;;;;;;;;;
1638 Orkdal (-2017);;;;;;;;;;;;;;;;1;;;;;;;
1640 Røros (-2017);;;;;;;;;;;;;;;;;;;;;;;
1644 Holtålen (-2017);;;;;;;;;;;;;;;;;;;;;;;
1645 Haltdalen (-1971);;;;;;;;;;;;;;;;;;;;;;;
1648 Midtre Gauldal (-2017);;;;;;;;;;;;;;;;;;;;;;;
1653 Melhus (-2017);;;;;;;;;;;;;;;;;;;;;;;
1657 Skaun (-2017);;;;;;;;;;;;;;;;1;;;;;;;
1662 Klæbu (-2017);;;;;;;;;;;;;;;;;;;;;;;
1663 Malvik (-2017);;;;;;;;;;;;;;;;1;;;;;;;
1664 Selbu (-2017);;;;;;;;;;;;;;;;;;;;;;;
1665 Tydal (-2017);;;;;;;;;;;;;;;;;;;;;;;
1699 Uoppgitt kommune Sør-Trøndelag;;;;;;;;;;;;;;;;;;;;;;;
1702 Steinkjer (-2017);;;;;;;;;;;;;;;;1;;;;;;;
1703 Namsos (-2017);;;;;;;;;;;;;;;;1;;;;;;;
1711 Meråker (-2017);;;;;;;;;;;;;;;;;;;;;;;
1714 Stjørdal (-2017);;;;;;;;;;;;;;;;1;;;;;;;
1717 Frosta (-2017);;;;;;;;;;;;;;;;1;;;;;;;
1718 Leksvik (-2017);;;;;;;;;;;;;;;;1;;;;;;;
1719 Levanger (-2017);;;;;;;;;;;;;;;;1;;;;;;;
1721 Verdal (-2017);;;;;;;;;;;;;;;;1;;;;;;;
1723 Mosvik  (-2011);;;;;;;;;;;;;;;;1;;;;;;;
1724 Verran (-2017);;;;;;;;;;;;;;;;1;;;;;;;
1725 Namdalseid (-2017);;;;;;;;;;;;;;;;1;;;;;;;
1729 Inderøy (-2011);;;;;;;;;;;;;;;;1;;;;;;;
1736 Snåase - Snåsa (-2017);;;;;;;;;;;;;;;;;;;;;;;
1738 Lierne (-2017);;;;;;;;;;;;;;;;;;;;;;;
1739 Raarvihke - Røyrvik (-2017);;;;;;;;;;;;;;;;;;;;;;;
1740 Namsskogan (-2017);;;;;;;;;;;;;;;;;;;;;;;
1742 Grong (-2017);;;;;;;;;;;;;;;;;;;;;;;
1743 Høylandet (-2017);;;;;;;;;;;;;;;;1;;;;;;;
1744 Overhalla (-2017);;;;;;;;;;;;;;;;;;;;;;;
1748 Fosnes (-2017);;;;;;;;;;;;;;;;1;;;;;;;
1749 Flatanger (-2017);;;;;;0.5;;;;;;;;;;0.5;;;;;;;
1750 Vikna (-2017);;;;;;1;;;;;;;;;;;;;;;;;
1751 Nærøy (-2017);;;;;;0.5;;;;;;;;;;0.5;;;;;;;
1755 Leka (-2017);;;;;;1;;;;;;;;;;;;;;;;;
1756 Inderøy (-2017);;;;;;;;;;;;;;;;1;;;;;;;
1799 Uoppgitt kommune Nord-Trøndelag;;;;;;;;;;;;;;;;;;;;;;;
1804 Bodø;;;;;;;0.5;;;;;;;;;;;0.5;;;;;
1805 Narvik (-2019);;;;;;;;;;;;;;;;;;1;;;;;
1806 Narvik;;;;;;;;;;;;;;;;;;1;;;;;
1811 Bindal;;;;;;;0.5;;;;;;;;;;0.5;;;;;;
1812 Sømna;;;;;;;0.5;;;;;;;;;;0.5;;;;;;
1813 Brønnøy;;;;;;;0.5;;;;;;;;;;0.5;;;;;;
1814 Brønnøy (-1976);;;;;;;0.5;;;;;;;;;;0.5;;;;;;
1815 Vega;;;;;;;1;;;;;;;;;;;;;;;;
1816 Vevelstad;;;;;;;0.5;;;;;;;;;;0.5;;;;;;
1818 Herøy (Nordland);;;;;;;1;;;;;;;;;;;;;;;;
1820 Alstahaug;;;;;;;0.5;;;;;;;;;;0.5;;;;;;
1822 Leirfjord;;;;;;;0.5;;;;;;;;;;0.5;;;;;;
1824 Vefsn;;;;;;;;;;;;;;;;;1;;;;;;
1825 Grane;;;;;;;;;;;;;;;;;;;;;;;
1826 Hattfjelldal;;;;;;;;;;;;;;;;;;;;;;;
1827 Dønna;;;;;;;1;;;;;;;;;;;;;;;;
1828 Nesna;;;;;;;1;;;;;;;;;;;;;;;;
1832 Hemnes;;;;;;;;;;;;;;;;;1;;;;;;
1833 Rana;;;;;;;;;;;;;;;;;1;;;;;;
1834 Lurøy;;;;;;;1;;;;;;;;;;;;;;;;
1835 Træna;;;;;;;1;;;;;;;;;;;;;;;;
1836 Rødøy;;;;;;;1;;;;;;;;;;;;;;;;
1837 Meløy;;;;;;;1;;;;;;;;;;;;;;;;
1838 Gildeskål;;;;;;;0.5;;;;;;;;;;;0.5;;;;;
1839 Beiarn;;;;;;;;;;;;;;;;;;1;;;;;
1840 Saltdal;;;;;;;;;;;;;;;;;;1;;;;;
1841 Fauske - Fuossko;;;;;;;;;;;;;;;;;;1;;;;;
1842 Skjerstad (-2004);;;;;;;;;;;;;;;;;;1;;;;;
1843 Bodin (-1967);;;;;;;;;;;;;;;;;;;;;;;
1845 Sørfold;;;;;;;;;;;;;;;;;;1;;;;;
1848 Steigen;;;;;;;1;;;;;;;;;;;;;;;;
1849 Hamarøy - Hábmer (-2019);;;;;;;;;;;;;;;;;;1;;;;;
1850 Divtasvuodna - Tysfjord (-2019);;;;;;;;;;;;;;;;;;1;;;;;
1851 Lødingen;;;;;;;;;;;;;;;;;;1;;;;;
1852 Tjeldsund (-2019);;;;;;;;;;;;;;;;;;1;;;;;
1853 Evenes;;;;;;;;;;;;;;;;;;1;;;;;
1854 Ballangen (-2019);;;;;;;;;;;;;;;;;;1;;;;;
1855 Ankenes (-1973);;;;;;;;;;;;;;;;;;;;;;;
1856 Røst;;;;;;;;1;;;;;;;;;;;;;;;
1857 Værøy;;;;;;;;1;;;;;;;;;;;;;;;
1858 Moskenes (1916-1975);;;;;;;;1;;;;;;;;;;;;;;;
1859 Flakstad;;;;;;;;1;;;;;;;;;;;;;;;
1860 Vestvågøy;;;;;;;;1;;;;;;;;;;;;;;;
1865 Vågan;;;;;;;;1;;;;;;;;;;;;;;;
1866 Hadsel;;;;;;;;1;;;;;;;;;;;;;;;
1867 Bø (Nordland);;;;;;;;1;;;;;;;;;;;;;;;
1868 Øksnes;;;;;;;;1;;;;;;;;;;;;;;;
1870 Sortland - Suortá;;;;;;;;1;;;;;;;;;;;;;;;
1871 Andøy;;;;;;;;1;;;;;;;;;;;;;;;
1874 Moskenes;;;;;;;;1;;;;;;;;;;;;;;;
1875 Hamarøy;;;;;;;;;;;;;;;;;;1;;;;;
1899 Uoppgitt kommune Nordland;;;;;;;;;;;;;;;;;;;;;;;
1901 Harstad (-2012);;;;;;;;;1;;;;;;;;;;;;;;
1902 Tromsø (-2019);;;;;;;;;1;;;;;;;;;;;;;;
1903 Harstad - Hárstták (2013-2019);;;;;;;;;1;;;;;;;;;;;;;;
1911 Kvæfjord (-2019);;;;;;;;;1;;;;;;;;;;;;;;
1913 Skånland (-2019);;;;;;;;;;;;;;;;;;;1;;;;
1915 Bjarkøy (-2012);;;;;;;;;1;;;;;;;;;;;;;;
1917 Ibestad (-2019);;;;;;;;;;;;;;;;;;;1;;;;
1919 Gratangen (-2019);;;;;;;;;;;;;;;;;;;1;;;;
1920 Loabák - Lavangen (-2019);;;;;;;;;;;;;;;;;;;1;;;;
1921 Salangen (-1976);;;;;;;;;;;;;;;;;;;1;;;;
1922 Bardu (-2019);;;;;;;;;;;;;;;;;;;;;;;
1923 Salangen (1977-2019);;;;;;;;;;;;;;;;;;;1;;;;
1924 Målselv (-2019);;;;;;;;;;;;;;;;;;;1;;;;
1925 Sørreisa (-2019);;;;;;;;;;;;;;;;;;;1;;;;
1926 Dyrøy (-2019);;;;;;;;;;;;;;;;;;;1;;;;
1927 Tranøy (-2019);;;;;;;;;0.5;;;;;;;;;;0.5;;;;
1928 Torsken (-2019);;;;;;;;;1;;;;;;;;;;;;;;
1929 Berg (-2019);;;;;;;;;1;;;;;;;;;;;;;;
1931 Lenvik (-2019);;;;;;;;;0.5;;;;;;;;;;0.5;;;;
1933 Balsfjord (-2019);;;;;;;;;;;;;;;;;;;1;;;;
1936 Karlsøy (-2019);;;;;;;;;1;;;;;;;;;;;;;;
1938 Lyngen (-2019);;;;;;;;;0.5;;;;;;;;;;0.5;;;;
1939 Storfjord - Omasvuotna - Omasvuono (-2019);;;;;;;;;;;;;;;;;;;1;;;;
1940 Gáivuotna - Kåfjord - Kaivuono (-2019);;;;;;;;;;;;;;;;;;;1;;;;
1941 Skjervøy (-2019);;;;;;;;;1;;;;;;;;;;;;;;
1942 Nordreisa - Ráisa - Raisi (-2019);;;;;;;;;;;;;;;;;;;1;;;;
1943 Kvænangen (-2019);;;;;;;;;0.5;;;;;;;;;;0.5;;;;
1999 Uoppgitt kommune Troms;;;;;;;;;;;;;;;;;;;;;;;
2001 Hammerfest (-1991);;;;;;;;;;;;;;;;;;;;;;;
2002 Vardø (-2019);;;;;;;;;;1;;;;;;;;;;;;;
2003 Vadsø (-2019);;;;;;;;;;1;;;;;;;;;;;;;
2004 Hammerfest (1992-2019);;;;;;;;;;1;;;;;;;;;;;;;
2011 Guovdageaidnu - Kautokeino (-2019);;;;;;;;;;;;;;;;;;;;;;;
2012 Alta (-2019);;;;;;;;;;;;;;;;;;;;1;;;
2014 Loppa (-2019);;;;;;;;;;1;;;;;;;;;;;;;
2015 Hasvik (-2019);;;;;;;;;;1;;;;;;;;;;;;;
2016 Sørøysund (-1991);;;;;;;;;;;;;;;;;;;;;;;
2017 Kvalsund (-2019);;;;;;;;;;;;;;;;;;;;1;;;
2018 Måsøy (-2019);;;;;;;;;;1;;;;;;;;;;;;;
2019 Nordkapp (-2019);;;;;;;;;;1;;;;;;;;;;;;;
2020 Porsanger - Porsángu - Porsanki (-2019);;;;;;;;;;;;;;;;;;;;;1;;
2021 Kárásjohka - Karasjok (-2019);;;;;;;;;;;;;;;;;;;;;;;
2022 Lebesby (-2019);;;;;;;;;;1;;;;;;;;;;;;;
2023 Gamvik (-2019);;;;;;;;;;0.5;;;;;;;;;;;;0.5;
2024 Berlevåg (-2019);;;;;;;;;;0.5;;;;;;;;;;;;0.5;
2025 Deatnu - Tana (-2019);;;;;;;;;;;;;;;;;;;;;;1;
2027 Unjárga - Nesseby (-2019);;;;;;;;;;;;;;;;;;;;;;;1
2028 Båtsfjord (-2019);;;;;;;;;;1;;;;;;;;;;;;;
2030 Sør-Varanger (-2019);;;;;;;;;;0.5;;;;;;;;;;;;;0.5
2099 Uoppgitt kommune Finnmark;;;;;;;;;;;;;;;;;;;;;;;
5001 Trondheim;;;;;;;;;;;;;;;;1;;;;;;;
5004 Steinkjer (2018-2019);;;;;;;;;;;;;;;;;;;;;;;
5005 Namsos (2018-2019);;;;;;;;;;;;;;;;1;;;;;;;
5006 Steinkjer;;;;;;;;;;;;;;;;1;;;;;;;
5007 Namsos;;;;;;;;;;;;;;;;1;;;;;;;
5011 Hemne (2018-2019);;;;;;0.5;;;;;;;;;;0.5;;;;;;;
5012 Snillfjord (2018-2019);;;;;;0.5;;;;;;;;;;0.5;;;;;;;
5013 Hitra (2018-2019);;;;;;1;;;;;;;;;;;;;;;;;
5014 Frøya;;;;;;1;;;;;;;;;;;;;;;;;
5015 Ørland (2018-2019);;;;;;0.5;;;;;;;;;;0.5;;;;;;;
5016 Agdenes (2018-2019);;;;;;0.5;;;;;;;;;;0.5;;;;;;;
5017 Bjugn (2018-2019);;;;;;0.5;;;;;;;;;;0.5;;;;;;;
5018 Åfjord (2018-2019);;;;;;0.5;;;;;;;;;;0.5;;;;;;;
5019 Roan (2018-2019);;;;;;1;;;;;;;;;;;;;;;;;
5020 Osen;;;;;;1;;;;;;;;;;;;;;;;;
5021 Oppdal;;;;;;;;;;;;;;;;;;;;;;;
5022 Rennebu;;;;;;;;;;;;;;;;;;;;;;;
5023 Meldal (2018-2019);;;;;;;;;;;;;;;;;;;;;;;
5024 Orkdal (2018-2019);;;;;;;;;;;;;;;;1;;;;;;;
5025 Røros;;;;;;;;;;;;;;;;;;;;;;;
5026 Holtålen;;;;;;;;;;;;;;;;;;;;;;;
5027 Midtre Gauldal;;;;;;;;;;;;;;;;;;;;;;;
5028 Melhus;;;;;;;;;;;;;;;;;;;;;;;
5029 Skaun;;;;;;;;;;;;;;;;1;;;;;;;
5030 Klæbu (2018-2019);;;;;;;;;;;;;;;;;;;;;;;
5031 Malvik;;;;;;;;;;;;;;;;1;;;;;;;
5032 Selbu;;;;;;;;;;;;;;;;;;;;;;;
5033 Tydal;;;;;;;;;;;;;;;;;;;;;;;
5034 Meråker;;;;;;;;;;;;;;;;;;;;;;;
5035 Stjørdal;;;;;;;;;;;;;;;;1;;;;;;;
5036 Frosta;;;;;;;;;;;;;;;;1;;;;;;;
5037 Levanger;;;;;;;;;;;;;;;;1;;;;;;;
5038 Verdal;;;;;;;;;;;;;;;;1;;;;;;;
5039 Verran (2018-2019);;;;;;;;;;;;;;;;;;;;;;;
5040 Namdalseid (2018-2019);;;;;;;;;;;;;;;;1;;;;;;;
5041 Snåase - Snåsa;;;;;;;;;;;;;;;;;;;;;;;
5042 Lierne;;;;;;;;;;;;;;;;;;;;;;;
5043 Raarvihke - Røyrvik;;;;;;;;;;;;;;;;;;;;;;;
5044 Namsskogan;;;;;;;;;;;;;;;;;;;;;;;
5045 Grong;;;;;;;;;;;;;;;;;;;;;;;
5046 Høylandet;;;;;;;;;;;;;;;;;;;;;;;
5047 Overhalla;;;;;;;;;;;;;;;;;;;;;;;
5048 Fosnes (2018-2019);;;;;;;;;;;;;;;;1;;;;;;;
5049 Flatanger;;;;;;0.5;;;;;;;;;;0.5;;;;;;;
5050 Vikna (2018-2019);;;;;;1;;;;;;;;;;;;;;;;;
5051 Nærøy (2018-2019);;;;;;0.5;;;;;;;;;;0.5;;;;;;;
5052 Leka;;;;;;;;;;;;;;;;;;;;;;;
5053 Inderøy;;;;;;;;;;;;;;;;1;;;;;;;
5054 Indre Fosen;;;;;;;;;;;;;;;;1;;;;;;;
5055 Heim;;;;;;;;;;;;;;;;;;;;;;;
5056 Hitra;;;;;;1;;;;;;;;;;;;;;;;;
5057 Ørland;;;;;;0.5;;;;;;;;;;0.5;;;;;;;
5058 Åfjord;;;;;;0.5;;;;;;;;;;0.5;;;;;;;
5059 Orkland;;;;;;;;;;;;;;;;;;;;;;;
5060 Nærøysund;;;;;;;;;;;;;;;;;;;;;;;
5061 Rindal;;;;;;;;;;;;;;;;;;;;;;;
